Low_Expression_mRNA,High_Expression_mRNA
GGUACAGAUACUGCUCAGAUUUGGUAGAGG,GGUACAGAUACUGCUCAGAUUUGGUAAAGA
GAGAUUAAAGAUGUGGGAUGUCAAACCAAA,GAAAUCAAGGAUGUGGGAUGUCAAACAAAA
CGCGAACAUUAAUGAAUUGUCAUGAAGCUG,AGGGAACACUAGUAAAUUGUAAUGAAAUUG
AUGUUUGAACCGGGGCUGGGUAACGCCGAG,AUGUUUGAGCCCGGUUUAGGUAACGCGGAA
AUGCAAACUGAGCAAACGACUAGCGCGUUG,AUGCAAACAGAACAAACCACCUCAGCGCUU
AUGUAAUACUUUCACAGUUUGAUGACCUGG,AUGUGAUACUUCCAUUCCUUGAUGACAUGG
GCGAUGGAAAUACAGUACCCGGAGUUUCAA,GCGAUGGAAAUUCAGUAUCCUGAGUUCCAG
GUUUCAGGGAACGAUCUACCAAUUCUGAGC,GUAUCAGGGAAUGAUCUCCCGAUCCUGAGC
AACAGGGAUAACUUCGAUGUUCAGAAGAAU,AAUAGGGACAACUUCGAUGUCCAAAAAAAC
UACACACAGAUUCCAGCGUGUUACUGUACU,UAUACUCAGAUACCAGCGUGCUACUGCACU
AACGUAGCGUACGUUACACAGUGGCAACCA,AACGUUGCGUAUGUUACGCAGUGGCAACCA
UUUUAAGACGAGACUUGCAAGGGUCGCCAA,UUUUAAGACGAAACUUGCAAGGGUCGCCAA
AUGUGGUCGUGCACCGUAAUGAACUAUCAU,AUGUGGUCCUGUACCGUAAUGAAUUAUCAC
AACUGUAUGUGUGAGUGGUACCAAAAUAUU,AACUGCAUGUGUGAAUGGUAUCAGAACAUA
AGUCCUGGUCGGUCAUUUAAGUUAAAGCAG,UCUCCUGGUCGCUCAUUUAAAUUAAAGCAG
UUCUUUACAGUUAAGCAGAAUGCUAUGAUG,UUUUUUACAGUGAAGCAAAACGCUAUGAUG
CAGCACACGCAACAGAGAUUUCAUUGCAGA,CAACAUACGCAACAGAGAUUCCACUGCAGA
CCGACGUGGAGGAGGGACAUGUGGCAGUGA,CCAACUUGGAGGAGGGACAUGUGGCAGUAG
UUCUCGUGAAAGUGGACCCAUUUACAUCCA,UUCUCAUAGAAAUGGACACACUUACAUCCA
UAUCUCACCUUCAUGCCUAUCUGGAAUUGU,UACCUCACGUUUAUGCCUAUCUGGAACUGC
GAAAUUGACGACGCAAAGCCACCUAAGAAG,GAGAUUGACGAUGCAAAACCGCCUAAGAAG
GAGAUGGACGACAUGCGCUGGUAUUACGGA,GAGAUGGACGACAUGCGAUGGUAUUACGGA
UAAUACUCUUAACAAAAGAUGAUGUCACUC,UAAUAUUCUUGACAAAAAAUGAUGUCGUUA
AGGCAAGAUUGGAAGAGAGACGCUGCCUUG,CGGCAGGAUUGGAAGAGAGACGCAGCUUUA
UGCUGUUGUAAUCCCUGCAAAAACUGUUGU,UGCUGCUGUAACCCGUGCAAGAAUUGUUGU
GCUACUUGCUUCUAGUAAAACCGAAAUUAC,GCUACUUGCUUUUGAUAAAAUAGAAAUUAU
GAGCACGUGCACAUCCGAUCGACAUGGUCU,GAACACGUCCAUAUUCGGAGCACCUGGUCU
UGAAAUUCGUUUUGCGUGCUCUGGGUCCAG,UGAAAUUCGUUUUGUGUGUUAUGGGUUCAG
CCAGGUGAAGUAAUAGACUGGUAUAUACUU,CCUGGUGAAGUGAUAGAUUGGUAUAUAUUA
UACACGCCACAUGAGGAUAUUAAGGAAGUU,UAUACACCCCACGAGGAUAUUAAGGAAGUG
AUGCAUGACGCCCCAACACACUUUUCCAUA,AUGCACGACGCUCCAACUCACUUUUCUAUA
UUCGCCGUUAACGAACGGCAUAGCCGAAUG,UUUGCCGUUAAUGAAAGACACAGUCGAAUG
AAGAUGAAAUAAACGAAGGCGGCGAGUGUC,AAGAUGAAAUAGACUAAGGCGGCUAGUGUC
CAAACUUAGGCAGUGGGCUACAAUAUGUGU,CAGACUUAGGCAGUCGGCUAUAAUAUGUGU
AUUGUCUAUGUCAAGAACGAGUAUGAACAG,AUAGUCUACGUCAAGAACGAGUACGAGCAG
ACAAAAGUCCCUAUGGCGAGGUGGUGUUAU,ACCAAGGUCCCGAUGGCCAGGUGGUGCUAU
GAGCGGUAGUUCAAGGGGGCCCAUUAGGCG,GAACGGUAGUUCAAGGGGGCGCACUGAGCG
CGGGACCCACAGUAUCCAAGUACAUGGGUU,CGCGAUCCACAGUAUCCAUCGACAUGGGUU
UGCUGGUGAACUUGGUAAGUAUUUCAACUA,UGUUGGUGAACUUGGUAGGUAUUUCAACUG
UGGCUGGAUAUGAGUCUAAAAUGUAUAAAU,UGGCUGGAUAUGAGUUUGAAGUGCAUAAAU
AAUAUGCCCUUCUUCAUGAUGACAGAUAUG,AACAUGCCUUUCUUCAUGAUGACAGAUAUG
AUGACAGCAGCACAUUGAAGGUGCAUCUAA,AUGACUGCGGCCCACUGAAGGUGCAUUUGA
GAGCAAAUGUAGGAAAUUUCAGAGAUGCUG,GAGCAAAUGUGAGAAAUUUCCGAGAUGUUA
CACAUUUGCAGAUUCGUUAAUCAGCCCAUA,CAUAUCUGCAGAUUCGUUAACCAACCCAUU
ACAGUUAUAUAUUUUUGUCAUAUAUUUUAC,ACGGUUAUUUAUUUUUGUCAUAUUUUCUAC
AAACAGGUCCAUUUUACAUUUAGCUGGUUC,AAACAAGUGCAUUUUACGUUCUCUUGGUUU
UGGUGGAUGAUGAUGGAGUUCAUGGACUGG,UGGUGGAUGAUGAUGGAGUUUAUGGACUGG
GAAUACCAGAUGUUCUGUAUCGAGUAAAAU,GAGUACCAAAUGUUCUGCAUCGAAUAGAAU
GAGCAAUAAAAUCAGGCAGACUACUUCUCG,GAACAAUAAAACCAAGCCGACUAUUUCAGC
UUCGAGGACAUGGAAAGCUGGGUACUAUGG,UUUGAGGACAUGGAGUCGUGGGUGUUAUGG
GCUAUCCCACACCCGAGCUGAAUCCCUUUC,GCCAUCCCACACCCUAGUUGAAUCCCGUUC
CAGGGUAUGAAUGCGGACGUAAUGAAAGAG,CAAGGAAUGAAUGCUGACGUUAUGAAGGAA
CCGCACCUAAUGUGGUUGGUUUAUGUGGGU,CCGCACUUAAUGUGGUUGGUAUACGUCGGU
GUAGAGUAUAACAUCCUCCAUGUGGGACUC,GUUGAAUAUAACAUUUUACAUGUGGGGCUC
GUGUGUGGGGAAGACGCGAAAUUUAACAAA,GUGUGUGGCGAGGACGCGAAGUUCAAUAAA
UCGAUCCUCCAAGUAAUUGUCUAUCUUUGA,UCGAUUCUCCAGGUCAUUGUCUAUCUAUAA
AAUACUCUAUAUCAUCCAAGCUACGACCCC,AACACCCUUUACCAUCCAAGCUAUGACCCC
ACACGACCCAUGGUUGCGGUCUAUUCACAU,ACCCGACCCAUGGUAGCGGUCUACUCACAC
UUUGUCAAAUAGGAUUACGAGCUGUGGUCC,UUUGUUAAGUAAGACUAUGAACUGUGGUCC
GAGGACCAAUUCGAACAAUCGCGCAUGUAU,GAGGAUCAAUUUGAGCAGAGUAGGAUGUAU
ACUACCGGGUCCAAGUAUGGCCAGGCUGCG,ACUACCGGUUCCAAGUACGGGCAGGCAGCC
GUUUGCCUAAAUUGGAUGAUGGUAAAUCAG,GUCUGCCUCAAUUGGAUGAUGGUCAAUCAA
CCUUCGUCAACUAGGUGCUUCUUGAUUGUG,CCAUCCUCAACUAGGUGUUUUCUGAUCGUA
AAUAGAUGGACCGGCUAUGACAAGAUGCAA,AAUAGAUGGACCGGCUAUGACAAGAUGCAG
UGAAACCGUGACUGGAAGCUCUAGCACGGC,UGAAACCGUGACUGGAAGCUCUAGCACGGC
CACGGGCCGUGGACCACCUGAAGUCGUACC,CAUGGGCCGUGGACCACCUGAAGUAGAACC
CCAAAUAUGAAAUGCCAAUGCGCCAUUGAC,CCCAACAUGAAAUGCCAAUGCGCUAUAGAU
CACGCCGACGUUCCCAAUAAGAAUCCGGGC,CACGCCGACGUUCCAAACAAAAAUCCGGGA
GGGCAGUUCGCUAUGGAGUCUUUUUCCAUG,GGGCAGUUUGCUAUGGAAAGCUUCUCCAUG
AACAGUCAAUAGAGCCUCAUAUACCACGAU,AAUAGCCAAUAGAGCCUAAUAUACCAUGAU
CAAUCAGACAGAGUAGAGGAAUAGGAACAA,CAGUCAGAUAGAGUAGAAGAAUAGGAGCAG
AAUUGGCCUAAGUAAUGGACGAAGAAUGAA,AAUUGGCCCAAGUAAUGGACGAAAAACGAG
GACCACAUAGGCACGAAAUGUUUCAUGAUA,GACCAUAUAGGUACAAAGUGCUUUAUGAUU
UAUAGCAUGAAUCAGAAUAUUCACUCUCCC,UAUAGUAUGAAUCAGAAUAUUCACUCGCCC
GGCAUGGUGUGAGUCAGCCCAAACUAUAAA,GGAAUGGUCUGAGUCAGCCCAAACUACAAG
UGGGAUGUCAUUUAUCCCCAUCACAAACUA,UGGGACGUCAUUUACCCACAUCACAAACUC
GAAUUCAUGAAGCACCCAUAAGAGUGCGUA,GAGUUUAUGAAACACCCAUAAGAAUGUGUA
UGGCCUAACCAAAUGUAGGACUGGGGCUAC,UGGCCUAACCAAAUGUAAGACUGGGGCUAU
UUUAUGUACCAUGACCAAAACAACCGUUUC,UUUAUGUAUCACGACCAGAAUAAUCGCUUC
AAAUAGAUGUAGACCUGGACCCCUAUCGAU,AAAUAAAUGUAGACCUGGACUCCUAUUGAU
GAGCAUUAGUAUUCCAUUGAAUCAUUACGA,GAGCACUAGUACUCGAUAGAGUCAUUACGA
GCACGAUUCUACAUAAUAGACUGUUUGAUU,GCACGAUUUUAUAUCAUCGACUGCUUGAUU
UGAUAGUCUCGUAAACAUCAAAGCCCUGUA,UAGUAGUCGAGGAAACAUCAGUCACCUGUC
AUGGGCUAUGAUACGCUUUGCAUGGACAAG,AUGGGGUACGAUACUCUUUGCAUGGAUAAG
UACCACGUAACCUGAAGUUGGCAAUGGCCU,UACCAUGUAACCUAAUCUUGGCAAUGGCCC
GCGACAUCUAGAAGUUGUCGUCUAUAUACU,GCGACAUCCCGUAGUUGCAGACUCUAUACC
UCGAAUCCACGAGUGAACGACAAAGACAUC,AGCAACCCACGAGUGAACGAUAAGGACAUC
AUAAUAGUCCGCUCGUUCUGUAGUUGGCAG,AUAAUUGUCCGAUCGUUUUGCAGUUGGCAG
UAAAACUGAUAUGGGUGGUGAAAUAACGUG,UGAAACUAGUACGGUUGGUGAAACAAUGUA
UUGCCCUGCAUAAUGAAUUUACAGAUGGAC,UUACCCUGCAUUAUGAACUUACAAAUGGAC
AAAGAUGGUUUAUGGUCCCUCUGGUGGCAC,AAAGACGGUUUAUGGUCCCUCUGGUGGCAU
AUUACCGACUGGGUGUAAGAGGGCAUCAAA,AUCACCGAUUGGGUUUGAGAAGGCAUAAAA
GUGUAACGGGUUUACUACAUGCCAAGAUGG,GUUUAGCGGGUUUACUAUAUGCCCCGAUGG
AUGCCCGAGCAUAUUCAAAUGCCUAUGAUG,AUGCCAGAGCAUAUUCAAAUGCCUAUGAUG
AGAAAGCGAGUCCGCUGGGGCAACUGUAUG,AGAAAGAGGGUCCGAUGGGGAAACUGUAUG
CUGUUCAUUUGGCAAUGUCCCGAGUUUGUA,CUAUUUAUUUGGCAGUGUCCCGAAUUUGUA
UCGGGAUUUAAACGCGGCUAUGUAACAUGG,UCAGGAUUUAAGCGAGGAUACGUUACUUGG
CCGCCCAAAUUCGGCGCGCAGUAGUACACG,CCUCCAAAGUUCGGUGCCCAAUAGUAUACC
ACUGUGUUUUACUGACCGUACCACCUCCCA,ACCGUGUUCUAUUGACCAUAUCAUCUGCCG
UAGCUCCGCAACCCUAAACGCCAUUGGGGU,UAACUCCGCAACCCUAAACGCCACUGGGGG
CAACAAUGCUGCCAAAUAAUGGACAAAACC,CAACAGUGUUGUCAAAUAAUGGAUAAAACC
CACCCCUGGCAUGGCUCUGGUAAAUUUAUU,CAUCCGUGGCAUGGGUCAGGGAAAUUUAUA
AUCGGUCACAUCCAUUCUACCCCAUUUAUC,AUUGGUCACAUCCAUUCCACCCCAUUUAUU
GGGGGCACAAAGAGGGCGAAUCAGCAGAAG,GGGGGGACUAAGCGUGCGAACCAGCAGAAA
CAGUUUAGAUUCUAUGAGAUACAUAAGAAU,CAGUUUCGAUUCUACGAGAUACACAAAAAC
CACCCAAUUGAGCAGUUAUAAGGUAUGGAC,CAUCCAAUUGAGCAGUUAUAGGGAAUGGAC
GGGAAAUGCCCUGCAGAAUUAUAUAUGCAU,GGGAAAUGCCCUGCUGAAUUAUACAUGCAU
GCAUGACCGCACAACUGGGGACGGCAUUGA,GCAUGACCGCAUAAUUGGGGCAGACAUUAG
AUGCCCGAGUGGUGCUAUAUGCAGAGGAGG,AUGCCCGAAUGGUGUUACAUGCAACGUCGU
AAAACACAACACGCUUUUCAUUAUUACUGG,AAGACACAGCAUGCAUUCCAUUAUUAUUGG
GAUAAGUAUGAACACGGUGAAAAGUAGACU,GAUAAAUACGAACAUGGGGAAAAGUAGACU
AUCGAUAAGAUGCACACCUGCGAUAACGUA,AUUGACAAAAUGCACACAUGCGAUAAUGUA
UAAUGGUUUGUAGGCAUGGAUAUGUGGAAU,UAAUGGUUUGUUGGCAUGGAUAUGUGGAAU
CCGCGUGGGCGUGCUGGAUGAGCAGCGGGG,CCCAGAGGUCGUGCUGGCUGAGCAGCGGGG
UUCCACAUGCUCGGGGCGGAAGAUAUAGUU,UUCCAUAUGCUCGGUGCGGAAGAUAUAGUU
ACAGAUCAUCCAUACAGAAUUCAGGUACAU,ACAGACCACCCUUAUAGAAUCCAAGUCCAC
GAGUGGGCCCAGAUGCAUUACGAUAUACAC,GAGUGGGCACAAAUGCACUACGACAUACAC
GAAUCACAUAUUAACCGAUUUAUAAGCCUA,GAAUCACACAUUAACCGCUUCAUAUCACUU
UGAUUGCUAAAAUUGAAUGACACAUGGAAC,UAGCUGUUAAAGUUGAACGACACGUGGAAC
GGACCUCACGAACACUGGUAAUGCUGGCCG,GGUCCUCAUGAGCAUUGGUAGUGCUGGCCG
AAUCAAAAAAUGUAACAUGCUGGAGCUUGU,AAUCAGAAGAUGUGACACGCUGGGGCUUGU
AUAUGGCAACGACAUUAUAAACAUUCCCAC,AUUUGGCAGCGUCACUACAAACAUUCCCAC
UACGAGAUGAUGGAACUCUGGGGUAUAGAG,UACGAGAUGAUGGAGCUCUGGGGGAUUGAA
AAAUUAAUAAAUCUAAGGAUAUGCGAGGUC,AAACUUAUAAACCUUCGUAUUUGUGAAGUA
CCGGACGUCCAUUGGGUACAUGGAUGAGCG,CCAGACGUUCACUGGGUACACGGGUAAGCU
GCGCAAUUUAUGAACUAAAUGCAAGAGACU,GCUCAAUUUAUGAAUUAAAUGCAAGAAACA
CCUACGUUUUGGGUACCUAAGUGGCCCUAU,CCCACGUUUUGGGUCCCUAAAUGGCCCUAU
CCAGUCUUCUGCACCUGGAUGUGUUUCGAU,CCAGUCUUUUGCACCUGGAUGUGUUUUGAC
CCUAUCAUGGGCUCAUAAUGGUACCCAGUA,CCUAUAAUGGGAUCAUAAUGGUACCCUGUC
UUCAUUAAAGAGAACUAUCGAGGAAUGGGG,UUUAUUAAAGAAAACUACCGUGGAAUGGGA
AUGCAUUGGAAAACGCUUCAUACCAUGUUU,AUGCACUGGAAAACGCUUCAUACGAUGUUC
GUAGUUACUCAUUGCUGGAUGUAUCAAUAC,GUAGUUACUCAUUGUUGGAUGUACCAAUAC
GAAUCAAUAUGAGAGUUUUAUGCACCAGAU,GAGUCAAUCUAAGAGUUUUACGCACCAGAU
GUGGCAUGAAAAAAGUGCGACAACCUGAAC,GUGGCAUAAAAGAAAUGUGAUAACCUGAAC
AAUUGGAAGGCUCAUCUUUACAUGGUCACG,AACUGGAAAGCUCAUCUUUACAUGGUUACG
CAUUCCUGUUUCGCGUCUCCGGACAUUUAU,CACUCCUGCUUCGCAUCUCCGGACAUCUAU
GACAGUUGCUAAAAACAGACUAAAGCUCAG,GACUCGUGCUAGAAGCAAACUAAGGCUCAA
GAGCCUAUGCAGCUGCCAUGGCCUUGGCAA,GAGCCAAUGCAGCUUCCUUGGCCCUGGCAG
UAAGGUCAGAUGAGUACCAUGAAAAUUGUA,UAAGGACAGAUGUCCACCAUGAAGAUUGUC
UUGUGUAUCAUGAUGAUGUGGCAACACACA,UUGUGCAUCAUGAUGAUGUGGCAGCAUACA
AUUGCUGCAAAGCACAGUAGUAUGUGGCUU,AUAGCAGCAAAGCACUCAAGUAUGUGGCUC
UUCUAGUACUCGAAAUGGGAUACUGACGAG,UUCUGAUAUUCGAAGUGGGACACUGAUGAG
UAUAUCCGAUUUCCAACAAGUGCACGUUAU,UAUAUCCGAUUUCCUACUAGUGCCCGCUAU
GUAAUUUUUCAGAAAGAGUGCUGUGGUUAG,GUUAUUUUUCAAAAAGAAUGUUGUGGUUAG
CAUAAAGACGGACUGACAUUUCAGGAGCCA,CAUAAAGAUGGACUGACGUUUCAAGAGCCC
AAUUGGCAUUGGAUUUACGUAUAGGUCGCC,AAUUGGCAUUGGAUCUACGUAUAGGUCGCU
CAGCACCACUACCAGCAAAUAUCUAAUCCC,CAACAUCACUAUCAGCAGAUUUCAAACCCC
AACAACGACUCGGACUGGGACUUUAAAAGC,AACAACGAUUCGGAUUGGGAUUUCAAAUCA
GUGCGAGAUUGCAAUGGGGACCACUCAAUG,GUGCGAGACUGCAACGGGGACCAUAGCAUG
UGGUUCAAAAGUUGUAUGAAGAUUGUAGCA,UGGUUUAAGAGCUGCAUGAAGAUCGUGGCA
CGACAAAAGACUAUGCACGAGAGAUUCUUU,AGACAAAAAACCAUGCACGAAAGAUUCUUC
GAAAACUACGGUAAGUACGUGUUCACGAAU,GAGAAUUACGGUAAAUACGUUUUUACGAAC
GGAUUUGAUGAGUGGCUUAUCAUCACGAGC,GGAUUCGAUGAGUGGCUUAUUAUCACGAGC
GUAUACCGUACUAAAAUGGUGCGAGUGGCG,GUAUACCGUACUAAAAUGGUCCGAGUGGCU
UGGCAGACAACCUGGCCUACCCGCUAUGUG,UGGCAGACAACGUGGCCGACACGCUACGUC
UAAUAUGACGGUGUGUUCAUGUACUAGAUU,UAAUACGACGGUGUUUUUAUGUACUAGAUA
UGGGCAAGCAUGCCGGACCUACACGCCGGG,UGGGCAAGCAUGCCCGAUCUACACGCUGGG
UAUCAAUGAAACACACAAGGUUGAAUUGAA,UACCAAUAGAACACACAAGGAUAAAUUGAA
UAGAUCGCUUAUUGGAAUAAGUGUUGGAAU,UAGAUCGCCUACUGGAAUAAAUGUUGGAAC
GAUGAUCGUGUGUGUGAGAUCGUUCAUAAA,GAUGACCGCGUGUGUGAGAUCGUUCAUAAA
AUGAAUAGAAAGUAUACCACCUAAUUCAAA,AUGAACAGGAAGUAUACCACCUAAUUUAAG
CGGUACUAGAAGUUCACCGACACCUGGGCU,CGGUAUUGAAAAUUCACCGACACCUGGGCA
CAUCACAUAUGCCACGAAUCGCUUCUAUGC,CAUCACAUCUGUCACGAGUCACUUCUAUGU
AUGUGUCCCAAUCGUGGUUACUAUUGGGGC,AUGUGUCCCAACCGGGGUUAUUACUGGGGC
AACUAAUGGGGCCAUAGAGAAUACAUGAUA,AAUUAAUGGGGACACAGAGAGUACAUGAUC
CUUUCUGGCUAUCCGUCUCAUGGAAGCCGC,CUUAGCGGCUAUCCCAGUCACGGAAGCCGU
GACUUGGGCUUUGCUGCCAAAGGUCACGGC,GAUCUUGGAUUUGCGGCUAAGGGCCAUGGA
AUGUGUAAGCGUAUUGGCCAGUGUGGCGAA,AUGUGCAAACGUAUCGGGCAGUGUGGCGAG
GUUGACCCGGAGCAAGCAUAACAGCAGGAC,GUUGAUCCUGAGCAAGCGUAGCAACAGGAC
GUAUUCUUCAUAGACUAUCCUACUUUAAAU,GUAUUCUUCAUAGACUACCCAACUCUGAAC
GUAAACAUAUGAACAUCCACUGAGAUAAUC,GUAAACAUAUGAACUAGCACUGAGAUAAUA
GGUUAAGCGCAAAUGCAGCAACUACUUCAU,GGGUAGGCUCAAAUGCAACAGCUACUGCAC
GUGUACGUACCCAUAACCGGUGAAACACUC,GUGUACGUACCCAUCACGGGAGAGACUCUC
CAGUUUUUCAUACACGACGCCGCGUUGAUG,CAAUUUUUCAUACAUGACGCCGCGUUAAUG
GUCGCUUACCAGGGUGUGCACAUGCGUGGU,GUGGCUUACCAAGGUGUACACAUGCGGGGC
CAUAAUUCUGCCUAAACCGCGCCACAGAGG,CACAAUUCUGCGUAAACUGCGCCGCAGAGA
UACACCGGCCUCAAGCAUACGUUAGCACUG,UAUACCGGAUUAAAACAUACACUGGCUCUG
ACAAAACCCUAUAUAUUCAAUGCGAACUGG,ACUAAGCCCUAUAUUUUCAAUGCGAAUUGG
AAGGCUGCAAUGGAUCCAAUAAGCACAGAG,AAGGCUGCAAUGGAUCCCAUAUCAACAGAA
UACCACCAAUGGCCGGUGAGGAGUAAGUGA,UAUCACCAAUGGCCAGUUAGGAGUAAGUGA
CAGAUUUAUACGGGUACACAGGACUGGGAG,CAGAUCUACACGGGUACGCAAGAUUGGGAG
AGGCACGCUUGUGAUAAGAGAGAUCACACC,CGUCAUGCUUGUGACAAAAGGGAUCAUACC
AAUGGCGAUCCUGAGAAAAAGUUCGGUAGU,AACGGAGAUCCAGAAAAGAAGUUUGGAUCU
UGGCUUCGGGGUCAGAUGGACAUCGGUCCU,UGGCUUCGGGGCCAGAUGGACAUUGGGCCG
UGGUCAUAUGUUUAGUGUAACUGAAUGAAU,UGGAGUUACGUUUGAUGCAAUUGAAUGAAC
GAUGUACAAGACUAAGAGGUUUGUAUGAGC,GACGUACAGGACUGAGAAGUUUGUAUGAGC
AUUAAACAUUUCUUUUGAAAGGAUUUAUAG,AUCAAACACUUCUUUUGAAAAGAUCUUUAG
CAGGUCUGGGCAAAUCCGGACCCAGAGCUC,CAGGUCUGGGCAAAUCCAGACCCAGAGCUC
AUGAUAAAAAUUGAACAGAUGAACUAGCAU,AUGAUAAAGAUUGAGCAGAUGAAUUGACAC
CAGGUUACGCCUUGCAAAUAUGAAGAGCCU,CAGGUAACGCCUUGCAAAUACGAAGAGCCG
GAUUGGCCCCGUGACAUGGAUACUAUUUCU,GACUGGCCCAGAGAUAUGGAUACUAUCAGC
GACGAGGCCCAUGGCGCUAUAACUACGCUG,GACGAGGCCCAUGGGGCGAUAACUACCUUA
AACUACCACGAACACGCCUUAGACCCAAAA,AAUUACCACGAGCACGCUUUAGAUCCCAAG
UGCCAACACUACUGCAGCGCAAAAUGGCAG,UGCCAGCACUACUGCAGCGCGAAGUGGCAA
GUUCCUUGGAAUUACUUUUUAGGCCCUUAC,GUUCCUUGGAACUACUUCCUAGGGCCCUAC
AUGGGGCCCUAUGUGUUCGGCGCAGGCGGU,AUGGGGCCCUACGUGUUCGGUGCAGGCGGU
ACCCGGGUGAAAUAUCCGACUUAAAUGACA,ACCCGGGUAAAGUACCCCACGUGAAUGACC
UUUUUGUGAGCUUACAGUUUAGAAUAUGGU,UUCUUGUGAGCUUAUUCGUUAGAGUAUGGC
UUCGGCAAUAUGAGUGGUAUGGGGUAAGAU,UUCGGUAAUAUGAGCGGCAUGGGGUGAGAU
GGGCAGCAGCAAUGGCAAUGCAGGUUCCGC,GGCCAGCAGCAAUGGCAAUGUCGUUUCCGG
GCGUAGCUGUAUCACUUUUAACACCUUUGC,GCGUAGCUGUACCAUUUCUAACAUCUUUGU
UUCACCUGCUCCUAGGUGAGCCACUACUAU,UUCACAUGCAGCUAGGUGUCACAUUACUAU
GGCAUGUGCGUGGACUGUAGCGUUUGUGGA,GGGAUGUGUGUGGACUGCAGCGUGUGCGGG
GAAAACUGUGGCAAGAACAUUGGGUCUCAG,GAGAACUGCGGGAAAAACAUCGGGUCUCAA
AACGACCAUUUUUAUCAAUCGUUCCCUUGA,AACGAUCACUUUUACCAAUCAUUUCCUUGA
GCCUGGCCCAACCAGACAAAAGCAGCCCAC,GCCUGGCCGAACCAGACAAAGGCAGCUCAU
GUUCUUAAUCAGAAAACAACUAUUCGGAAA,GUUCUUAAUCAAAAGACGACUAUUCGCAAA
UGUAAAGCAGAAGUUUUUAGAUGGAGGUAU,UGUAAGGCAGAGGUGUUCCGGUGGAGGUAC
AAUUACGAAGACUGUAAGCCCUAAUUUUAU,AAUUACGAGGACUGCAAACCCUAAUUUUAC
CAUUGGGGUACUGGUUUUUAGAUGAUCUUA,CAUUGGGGAACUGGUUUCUAAAUGAUAUUA
CACGUAUUUCAUCGGAUGAAGCAAAUGUGG,CACGUGUUUCAUAGGAUGAAACAAAUGUGG
CAAGAUGACUCGCACUCUAACGAUUAGCAC,CAAGACGAUUCGCAUUCGAAUGAUUGACAU
CGCUACAUGUACCCCGCACAAUACGGAAUU,CGCUAUAUGUACCCCGCCCAAUAUGGAAUU
CGCCGGGUACCGCCAGGAGACCAGUAUGCC,AGACGGGUCCCUCCUGGAGAUCAAUAUGCC
CAGAUAUGAUACGUAUUUUCUGAAUCCUCA,CAGAUUUGAUACGUAUUUUCUGAGUCUUCA
UUUGUGAACGCUAACCAUGCCUUCACCCAG,UUCGUCAACGCUAAUCACGCCUUUACACAG
GCAGAGCACUGCAUGUGGUGCUAACAUAAU,GCGGAACACUGUAUGUGGUGCUAACACAAU
AAUAUGCGCUCAAGCAAAUCUUUCCACAUG,AAUAUGAGGUCAAGUAAAAGCUUCCAUAUG
AAGCUGCUAAGCGAGCGUGCGUGGCCUAGA,AAGCUGCUGAGCGAACGGGCCUGGCCUAGG
AAGUGCUCACCGUGCUUUCUUGAUCAUAAA,AAAUGCUCGCCGUGUUUCCUCGAUCACAAA
CACCUAGGUUUCCCGGGUUGUUGAAGUCAG,CAUCUAGGUUUCCCGGGUUGUUAGUCCCAA
UACAUGAAACGCGUUCCAAUGGAUGAAUGG,UAUAUGAAACGCGUUCCUAUGGACGAAUGG
ACUUUUAGAGGCGAGAUGUAUGUCUGCGAA,ACCUUCCGCGGAGAAAUGUACGUAUGCGAG
UUCCACUCUCCGCGUGAAAUGGGCGAUUUU,UUUCAUUCUCCCCGCGAGAUGGGCGAUUUC
UGAGAAUGGCUCUAUAUCCCCAAAAUGUGU,UGAGAGUGGCUCUACAUUCCCAAGAUGUGU
AACAGUAUCGAGUGGUUUGGGCGUUUCGUU,AACUCUAUAGAAUGGUUCGGCCGUUUUGUU
CGCCAAAUCGAUGAACACCACCGAGAGCCC,AGGCAGAUUGAUGAACAUCAUAGGGAACCU
AUAUCCAAAGGUCAUCCGAUUUAUAAACUA,AUAUCCAAGGGACAUCCGAUUUACAAACUA
UAUCAAUGGCCGAAUCACCUAUAACCACAG,UAUCAAUGGCCGAACCACUUGUGACCACAA
CUGUUCGCCUAAACAGGACUUAAUUUCCUU,CUGUUCGCCUAAACGGGGUUAAAUUUCCUU
GAUUGAGAGCGUUGGUUCAGGAUGUGUCCG,GACUAAGAACGCUGGUUUAGAAUGUGUCCC
UGUGAACUCUGACAGGACCAUAUCGAUUGA,UGCGAAUUAUAGCAAGACCACAUUGACUGA
AAAGCGGCAGAUCACGCCUACAUGACGGAC,AAAGCAGCUGAUCACGCCUAUAUGACAGAU
UGGCGGAUAGAAUUUCAGAGUUUGAAACAA,UGGCGGAUAGAAUUCCAAUCGUUGAAGCAG
UGACUGUGCAUCAUGUACCCGUAAUAUUAU,UAGCUGUGCAUUAUGUAUCCGUGAUACUAC
UAGUGGAUUAAUCCUACAGGGUGGAAGCAG,UAAUGGAUCAACCCUACCGGCUGGAAACAG
GACUGGUAGGAGGUUAUGACACCGACGCCG,GAUUGGUAGGAAGUUAUGACACCGACACCG
GAUUAAUGGAAUUAGUGGCCUGGUAUCCAA,GAUUAAUGGAACUAGUGGCCAGGUAUCCAA
CGCGCCGCCUGGGGCUUUUGAUAUGGGAGU,CGGGCCGCUUGGGGCUUCUGAUACGGAUCG
GUACAAGACAAAGCGUACACUUGCUUUACA,GUCCAAGAUAAGGCGUAUACAUGUUUCACG
GACUGGCAGUUUAGGCACAAUUACAGGGAC,GACUGGCAAUUCCGCCACAAUUACAGGGAC
AGUCCAUUGCAAUGGCCUAGUGUCCCGAAU,AGCCCAUUGCAAUGGCCCAGUGUGCCGAAC
GUAUUUGGUUGUAUCUAGGUGUCGCAUUCU,GUAUUUGGUUGCAUAUAGGUUAGCCAUUCU
UAUUGCACGGCCACCGAGUCAGUGGGGAGC,UACUGUACCGCAACUGAGUCCGUGGGAUCU
AUUUUUUACAACUUGCCGCAUUUCGGUUGA,AUAUUCUAUAAUUUACCACACUUUGGCUAA
UAUCAUCAUAAGGAAUACGCUGCACCCUGU,UAUCACCAUAAGGAGUAUGCAGCACCCUGC
CGGCAAUAGAACUAACAGACUGAUCUGGCA,CGGCAGUAGAAUUAACAAACGGAUCUGGCA
AUCAAAUGGCACUCCCGUUGCUACUAGAAC,AUUAAAUGGCACUCCCGCUGUUAUUAGAAU
GAAUGGCUAAAUUUAGACUGGGGCAGUUGG,GAAUGGCUUAAUCUCGAUUGGGGCUCAUGG
CAUCCUUAGAUCGACUCCCCCUUAUGAUGA,CAUCCUUAGAUCGAUUCCCCAUUAUGAUGA
GCCUAGAAUCACAUGGUACGAGCGUAUAAA,GCCUAGAAUCACAUGGUACGAGCGUAUAAA
AAUAUGAGCGACCGGUGGAGUCAAGCCCUU,AACAUGAGCGACCGGUGGAGUCAGGCCCUG
GUAUAAGACACUGCAAUGGAGCAACCCGAG,GUUUAGGACACUGCGAUGGAACAACCCGAA
GUAACAUGCGUGCGGAAAACCGACUUUUGG,GUAACAUGCGUCCGAAAGACCGACUUUUGG
GACUUCUGCUAGACAGGCGUAAAUGAAGAG,GAUUUUUGUUAAACCGGCGUUAACGAAGAG
UAGAAACUAUUGGUACACAGGGGGGGACAU,UAGAAGUUGUUGGUUCAUAGGGGGGGACAU
UAAGAUAAUUUUUCCGAGCAGAUGCCAGUC,UAAGACAACUUUUCGGAGCAGAUGCCGGUA
GCAGAACAGUAUACGAUAGGCAAUGAAACU,GCUGAACAGUACACGAUAGGAAAUGAAACU
UGGGACCAUAUUUGCCACGAUCGGGAAUUU,UGGGACCAUAUUUGCCAUGACAGAGAAUUC
UGCGUCAUGGAAACAUGAAAGAAAAUUGCA,UGUGUCAUGGAAACAUAGAAGAAAAUUGCC
GCCGGGUCCGGCGUAGCGUGAUGCCAUCUG,GCCGGGUCCGGGGUCGCUUAGUGCCACCUC
CAAGAAAGAAAAUGAGAAUAGGUUGCUCAU,CAAGAAAGAAAAUAAGAAUAAGUUGCUCAU
UUCCCAAGCAAAUAAACCAUCGCUUAGUUA,UUUCCAAGUAAGUAAACCAUUGCUUAGCUC
CACUAUUUCGAAAUUCACCCCCAAAAAGGG,CACUAUUUUGAGAUCCAUCCACAAAAGGGG
UAGACAGAUUUUAACAACUGUGUUUGAGAU,UAGACGGAUUUCAACAAUUGCGUCUGAGAU
AAGCGUGAGAUGCAAUUUCAUUAUCUAUUC,AAACGUGAAAUGCAAUUUCACUAUUUGUUC
AAUGAAAACAAACACACUAAAUAGAGAUGG,AAUGAAAACAAACAUACAAAAUGAAGAUGG
GGCGCAUUCUUUCUUAUGCAUAACACUGCA,GGCGCUUUCUUCCUGAUGCAUAACACAGCA
UUUCGGGCGCUGUGUCCACUGGAGUAAUGC,UUCCGUGCGCUGUGUCCGCUCGAAUAAUGC
AUCCAAUUCUAAACGUCCGACACCUGGCUC,AUACAGUUCUGAACGUCCGACACAUGGCUA
GAACUGUGUCAUACGAUGACCGUGCCUAUG,GAGUUAUGCCAUACGAUGACGGUCCCUAUG
AAAAUCGGCUUCGAAAAAAUGCCUUGCGCC,AAGAUUGGCUUCGAGAAGAUGCCGUGUGCC
AUGAUCAUGGAAUGCGAUGUAAACAAAUUU,AUGAUCAUGGAGUGUGACGUGAAUAAGUUC
AUGUUUACGAAUCCCAAGAUAUGCACCGCU,AUGUUUACGAACCCCAAGAUCUGUACAGCC
UAGAUCAAGGUUGUGCCCAACCACACCGAA,UAGAUCAAAGUGGUACCAAACCAUACCGAG
CAAACGUACCGUGAAAGCUUCCAAGAACAG,CAAACGUAUCGUGAAAGCUUCCAGGAGCAG
UGGUUUUCAAUUAGGAAUAAUGCUCAUAUC,UGGUUUUCAAUAAGGAACAAUGCCCACAUU
AUGUUCGAUCGAACUGACCAUCACAUGCUG,AUGUUCGAUCGAACUGAUCACCACAUGCUG
GCUUGGAUCCAUGAUCAGUGCGGGAUUGGA,GCUUGGAUCCACGAUCAGUGCGGUAUUGGC
AGGAGAUACAAGCAGAACGAGCGAAACAUU,CGCCGAUAUAAACAAAAUGAGCGUAACAUU
UACUAGAAGCAGGCUUCGCCUACGUUCCGC,UACUGAAAACAGGCUUCACCUACGUUUCGC
UGUCAAGGGCCCCCGUGGAAAAUGAAUCCA,UGUCAAGGACCGCCGUGGAAAAUGAAUCCG
UUGUAUAGUGAUGAAAUGGUCCAGAGAAUG,UUGUACAGUGACGAAAUGGUCCAGAGAAUG
CUAUUCGAGGGCUGCGCCUGCGAGUGGCUA,CUAUUCGAGGGAUGCGCCUGUGAGUGGCUA
UGGCACCAGUGGUUGCUUAUUUCAAAGCAU,UGGCACCAGUGGCUGCUGAUAUCGAAGCAC
GUGCGCGUAGGACCUUAUGACGAUUCCGAC,GUGAGAGUAGGACCCUAUGACGAUUCUGAC
GCCACUAACUACUGCGGAGCCAAAGGACAC,GCCACUAAUUACUGCGGAGCAAAGGGACAC
UCUCCAAAACCCAAAUUUAUUUAAUGCACU,UCUCCAAAACCCAAAUUUAUUUAAUGCACC
GUAUCAACGAACCAAAUACAAGAGCCAAAA,GUUUCAACGAACCAGAUACAAGAACCCAAA
GUCUUACCUAUAAUCUUAUAUACGAUGCAG,GUCUUGCCAAUAAUUCUCUAUACGAUGCAA
GCUCUUUGUAUGUAUUUCGACGCAUAGGAA,GCGCUUUGCAUGUACUUCGAUGCUUAAGAG
AUCGAUAGCUACUGUAACAUGAACUACAUG,AUUGAUAGUUAUUGUAACAUGAACUAUAUG
GUUUUUAUGCCUACCGGUCCCGAAACCCGC,GUUUUCAUGCCUACAGGUCCCGAAACCCGG
UGCGAUUUACAUAAUGUAGAGGAAUGAUGA,UGUGAUCUACACAACGUAGAGGAGUAAUAG
GUUACUGACAAACCACUGCACCGAUGGGAU,GUAACGGAUAAGCCCCUUCACCGCUGGGAU
UGCGAAGUCUGGAGUCUCUUGUCCACGAGC,UGCGAGGUCUGGAGUCUUUUGAGCACCUCA
GUGGAAGACGCGCGACCAGCGAUAAAUUUU,GUUGAGGAUGCCCGACCAGCGAUCAACUUC
AAAUGGCGUUUUAGGUUAGGAAUGGAGGUU,AAGUGGCGUUUCCGUUUAGGCAUGGAAGUU
ACAAAUACAACAGAAGUUUGGGGAUCAUUU,ACGAAUACUACAGAGGUAUGGGGUUCUUUU
CCUAUACAGGUCGUCGGUUGGUUUAUGAUG,CCAAUCCAGGUCGUUGGGUGGUUUAUGAUG
UGGGAGAGACUCGAACUGAUACGCUGGGUC,UGGGAGCGGCUCGAACUAAUUCGCUGGGUC
CAGAACUGGCGGUACGAUUUUUCAGAUGUG,CAAAAUUGGAGGUAUGACUUCUCAGAUGUG
AUAGUUUUCCAUAUGCACAUGCCUUUCAGC,AUCGUCUUCCACAUGCAUAUGCCCUUCAGC
UGCUAGUGGUGGUACCCUUGAUGGUUGCCA,UGCUAAUGGUGGUAUCCCUAGUGGCUACCU
AUAGGCGCAGCUUGCCACAAUAAGAUGGGU,AUAGGAGCUGCAUGUCAUAACAAAAUGGGC
GGCAGCUGGCCGCUUCACCCACAGUGGGAU,GGCAGCUGGCCUCUUCACCCGCAAUGGGAC
UGUCAGGAAUAUAUAGCGGACAAUAUGCGU,UGUCAAGAGUAUAUAGCUGAUAAUAUGAGA
AUGGAAUGUCGAAACUAAAUUGAUGAGGGA,AUGGAAUGUCGAAACUGAAUAGACGAGGGU
CACUGAAUCUGGUGGCCCUAAUCAAUGCCU,CACUAAAUCUGGUGGCCCUAGUCGAUGCCU
UGGAGUCCCGUGGUGACCAUGCAGGUCCAC,UGGUCUCCCGUCGUGACUAUGCAAGUGCAU
CUAUGGUGCCUAGAUGCGACUACUUGGUAU,CUAUGGUGCCUAGACGCCACUACGUGGUAC
CAAAUGUGUUUCCAGUGUACCCGGUAUUGU,CAGAUGUGUUUUCAAUGUACUCGCUACUGC
GAAUAUGAAUGAUAGGAAAACCAUUGGGAC,GAAUAUGAGUAGUAGGAGAACCACUGGGAU
UACCUACUAUGGCGUUUUGCUUACUAAAUA,UACCUGCUAUGGCGUUUCGCUUACUGAAUA
ACCAUUAUCACCACAAAUUUCAUUUGGGAC,ACUAUUAUCACCACAAAUUUUAUAUGGGAU
GUUUUAUGCGCUACAAAGUACUGGGGUAUG,GUUCUGUGCGCUACCAAGUACUGGGGUAUG
AAAGAACGCCCUAACUUGAUGCUUAGAACC,AAAGAACGGCCUAACCUUAUGCUUCGAACG
GAUUGGCACUUCAUCUAAUGCGGGGUAAAU,GACUGGCACUUCAUAUAAUGUGGGGUGAAU
CACCGCUGGUGCACAGGGGACUGCGACAGG,CAUAGGUGGUGCACUGGGGAUUGCGACCGG
CUUCGCUGGUGUUGAGAUACAGUUUAUCAU,CUCAGAUGGUGCUGAGACACGGUGUACCAU
GUCGUCGUGAAGAUGCACCAAAAAUAAAUU,GUCGUUGUGAAAAUGCAUCAGAAAUAGAUA
CCGUAUGUAUUCAAUCAUAGUAUUAAUGAG,CCGUACGUAUUUAAUCAUAGUAUAAAUGAA
UGCCUAUGCAAUGAGAACCCCGCGAUAAAC,UGUCUGUGCAAUGAAAACCCCGCGAUAAAU
AAUAAAACAGGAUGGUGGUUGGGUCCAAGC,AAUAAAACAGGCUGGUGGUUGGGUCCAAGC
AAAAACUUACAAGCCCUAGACUAGUAUCAA,AAGAAUCUGCAAGCUCUAGAUUGAUACCAG
UGUGUCGACUGGAUUCAGAAACUCAUCCUC,UGUGUCGACUGGAUUCAAAAACUGAUACUC
AACCAAAGAAGAUGGCGACACCACUUGUAA,AACCAGAGAAGGUGGCGUCACCAUUUGUGA
CGGCACAUGCAGUGCAUUGUUCGCAUGUUU,CGGCAUAUGCAAUGCAUCGUGCGCAUGUUU
UCACGUUUACCCCACUCAGAUGACUUCGAU,UCAAGGUUACCCCAUUCUGAUGAUUUCGAU
UCCCCUAAUCGGUACUUUCAUUUCCCCUAA,UCCCCUAAUCGGUAUUUCCACUUUCCCUAA
GCCUUUGGUGGACAGGGUAUGAUUUUUCCC,GCCUUCGGCGGGCAAGGUAUGAUUUUCCCG
AGGUAGAAUUAUUUAGCGUUGUAUCAUACG,AGGUAGAAUUACCUAGCUCUUUACCACACG
AUCUUUAUCGGAACAGAGCCAGUCCCAGCA,AUUUUCAUAGGCACCGAGCCAGUUCCAGCA
UACUAUGAAGUGGCGGCUGUAGAACACGGU,UACUACGAAGUUGCUGCUGUGGAACAUGGG
AAUAUCAAUCGAGGUAUCCCGGAAUAUAAU,AAUAUCAACAGGGGUAUUCCCGAGUACAAC
UAAAUGACGAAAGUAAUAUCUGAGUAGGUC,UGAAUGACGAAAGUAAUCUCUGAAUGAGUC
GUCGAUGAACUAAAACCAUAUGGCUUUGAC,GUGGAUGAAUUGAAGCCAUACGGGUUCGAU
GGCUCAGUAAGUGCAUGCGCGACUUAUAUC,GGCUCGGUAUCAGCAUGCGCCACUUAUAUA
CCGGCUGAUUGCGAUAUGUGGCCGAACCAC,CCAGCAGAUUGUGAUAUGUGGCCGAACCAU
UUCGCGUUCAACGAGACUCCCAGAGCUCAA,UUCGCGUUCAACGAAACUCCCCGAGCGCAA
UGAAAUUUUGGUUACCAUACGUGGUUGAUU,UGAAACUUCGGCUACCAUACCUGGCUCAUC
UUUUGGCAACUGCCCCAAAUGGGUCCUCCU,UUCUGGCAACUGCCGCAAAUGGGUCCUCCU
UUUUUUUGGCAGGUUAACUUCCAAGUCACG,UUUUUUUGGCAAGUUAAUUUUCAGGUAACG
CAAACGAAUAAGAUCCAUCAUGCUGGCGGU,CAAACCAAUAAAAUCCACCAUGCGGGGGGA
AACGUAGCCCAGAUGAUUAUGGUAAUGUUA,AACGUAGCACAAAUGAUUAUGGUUAUGUUA
AUCUUUGACAAUGAGCAUUACAAAGUGCGU,AUCUUCGACAACGAGCACUAUAAGGUCCGA
CACUUUUUUGUUUUCUAUAAGCGUCCACAG,CAUUUCUUUGUUUUUUAUAAAAGGCCCCAG
ACCAUAUAGUGUUUCGAUGUCGCUUGGUCG,ACCAUUUAAUGCUUUGAUGUCGCGUGGUCA
CUGGAGGCUUGUCUGAACAAUAAGAUGGAC,CUAGAAGCGUGUCUGAACAACAAGAUGGAC
AAUUUCAACUGGUGGUGAUGGUAGGCGGCC,AAUUUCAAUUGGUGGUAAUGGUAAGCAGCG
GCCCUAACAAGUAUUUGACAAUAAGGAUGC,GCCCUCACUUCGAUUUGACAGUAGGGUUGU
AAAAACAGGUGGCGACGAAAUUCCAAGCCA,AAAAACAGGUGGCGACGAAAUUCCAAGCCA
CAACCACCGUCGCAGUGAUGUCCGGGGCUC,CAGCCACCGUCACAGUAAUGUCCGGGACUG
CAAGUAUUAAAUAUCGUCACCGUUAAAUAG,CAAGUCCUUAAUAUAGUCACUGUUAAAUAG
GCCUUUAUGUAUUGUCAAAUGAUUAAUGUG,GCCUUUAUGUAUUGCCAGAUGAUUAACGUU
UUUGUGUGGAAUAGGAUAAUCUUUUGUGGU,UUCGUGUGGAACAGGAUAAUUUUCUGUGGU
AAGCCCCCUGCCUGGUUCUGGUACAUAAUG,AAACCACCCGCGUGGUUUUGGUACAUCAUG
AAGGCAGAACCUAAUGAGCUAAUGAUUAUA,AAGGCUGAACCCAACGAGUUGAUGAUUAUC
CACACAUGUUUUCAUACAUGUGAGCCAGUG,CAUACUUGUUUCCAUACGUGUGAACCGGUA
UGCCGAAGCAUGUAUAAGGGCCGGGUGUGC,UGCCGAUCAAUGUAUAAGGGGCGGGUCUGC
CCCUUUCCACAAAUUAAAGAACAGCCACAG,CCUUUCCCACAAAUUAAAGAGCAACCGCAA
GAGAUGUGUCAGAUGUGAAGGUUGGAGUAU,GAAAUGUGUCAGAUGUAGAGGCUAGAGUAU
UGUUUGUAUUUCAAGAACCGUCAAACCGGA,UGUCUCUAUUUCAAAAACCGUCAGACAGGA
UCGCAUGUCUACUAUUAUAGUAACGUAUUG,UCGCAUGUUUAUUACUAUAGUAAUGUCUUA
UGGAACUACCAUGCGGUCAAGUAGUACGAU,UGGAACUAUCAUGCUGUAAAGUAGUACGAC
UGGAAGUGUAAGUGUCCAAACGAGUAAGAC,UGGAAGUGCAAGUGCCCUAAUGAGUAAGAC
GGUCCUAAUACAGGUAAUGCCUUUAAGGGC,GGGCCAAAUACUGGUAAUGCCUUUAAAGGA
CAUCCGAUGACGUGCUAUAUUGCACCUUGG,CACCCGAUGACGUGCUAUAUUGCACCUUGG
CCACACCAGUACAGCACAUGGUUUUAUGCU,CCUCAUCAAUACUCGACGUGGUUUUACGCG
GAGAGAACAAAAAUAGUUGAAGUAAAACCG,GAGAGAACGAAGAUCGUUGAAGUGAAGCCG
UGAAAGUACUAAAGAAUAAACGCGGAAAUC,UAGAAGUACUAGAGAAUUAAUGCGGAAAUC
UAUGAACUAGAGAAGGAGGUGCAUCGUGGU,UAUGAACUUGAAAAGGAGGUGCACCGAGGU
GUCUGCUGGAUGUGAAACCUUCAUGCACAC,GUAUGCUGGAUGUGAAACCUUCAUGCACAU
UGGAUGAUUUAUCAAAAAUGGUACAUCUGG,UGGAUGAUAUACCAGAAGUGGUACAUAUGG
AAAGAGAUGUAAUACCGGCUGUGGAAGCCG,AAAGAAAUGUGAUAUAGACUCUGGAAACCC
AAUUGCCCACGGGUCAUUAACUUGGAUGAC,AACUGCCCCCGGGUUAUAAAUCUCGACGAC
UGCAUUUAUGAUUGUCGGGUCCAAACAAAU,UGCAUAUACGACUGUCGGGUCCAGACAAAU
GGGUGGCCAAAGGAAUACUUGCGUCAAGAG,GGGUGGCCAAAGGAAUACUUACGUCAGGAG
UGUCAUAUAGGUCCCGGAUAUGAUUGCACU,UGUCAUAUUGGUCCCGGGUAUGACUGCACA
UGGCGAAACAACUGGAACAUUGAAGCGGAU,UGGCGAAAUAAUUGGAAUAUUGAAGCGGAU
CGUAACAUGUGGUGGAUCAAGAACCUCAAC,CGUAAUAUGUGGUGGAUCAAAAACUUGAAU
GCGUAUGAUUGGUAAAGUAAAUGGAUUUAC,GCAUACGAUUGGUAAAGUAAAUGGAUAUAC
GAAACCCGAGUCGGGUCCGCGAUUGUCCCA,GAAACGCGUGUUGGUUCCGCUAUUGUGCCA
GGCAUUAAUGAGAGGACUUCCGAUUUUGUU,GGGAUAAAUGAAAGGACUUCCGACUUCGUU
GUGGAACACGGAAUCGAGCGGAAGUGGUAG,GUGGAGCAUGGAAUCGAACGCAAGUGGUAG
UGGCACGUGUUAUCCUCCUGGGAGCAACUA,UGGCACGUGUUAUCAUCGUGGGAACAACUA
UGUAAACAACCCAUUUGGAUGGAUCGAUGG,UGUAAACAACCAAUUUGGAUGGAUCGGUGG
CUCCAAGAGGGCUUCUGCCGAUAUAUACGU,CUACAGGAGGGCUUCUGCCGAUAUAUUCGU
GCUUAGAAUAUGCAGUAUACUGUCGGUCGC,GCUUAAAACAUGCAAUACACCGUUGGUCGG
CAUCUAAAUAAAAUCCAACCGUGCACCCAU,CACCUUAACAAAAUCCAGCCUUGCACCCAU
UCGAAUUUCAAAAUGUCCCGGAUCUGGAUG,AGCAAUUUCAAGAUGUCCCGAAUAUGGAUG
GGUAUCCAUGUUUUGUGGACGGAAGAGAAA,GGGAUCCACGUCUUGUGGACUGAAGAGAAA
UGUACCUUCGAAAUGUUCGAAUGUUUCAUA,UGUACGUUCGAAAUGUUUGAGUGUUUCAUA
CCGAUUGCACGUCAUAUGUGUAUGUGUCGA,CCCAUAGCACGCCAUAUGUGUAUGUGCCGU
UCCGGGGAUAACGACAUAAAUAGUGCUAAC,UCCGGAGACAACGAUAUAAACAGCGCUAAC
CAAAUCUUGUUGGUCCAACCUACAUAGGUC,CAGAUUUUAUUAGUCCAGCCGACAUGAGUC
AACUCGUGUCUUGACGCGCAAGGGCCCGGU,AACUCCUGCCUAGACGCGCAAGGGCCCGGC
CCUUUUUGGAUCUACAGAGUGUGGCGACUU,CCCUUCUGGAUCUAUAGAGUGUGGCGACUC
ACGUGACCGUUCUAUGUCGCCUGCUAUGGG,ACGUAGCCUUUCUAUGUAGCAUGUUACGGU
UUCUAAAAACCAAUAAAAUUGGACGCCAUC,UUCUGAAAACCAAUCAAGCUGGAUGCCAUC
UAGUACGGGCGCGCUUCAGUAAUGCCUAAA,UAGUACGGGCGCGCAAGCGUAAUGCCAAAA
AACUGGCUCUAACCACACAUCGAUUGUGUC,AACUGGCUUUAACCACACAUCGAUUGCGUC
ACUUGGCAUGUGAAAGUAUAUUUUGAGACG,ACUUGGCACGUAAAGGUAUAUUUCGAAACG
GCCCUGAUGGAAUGGCGGUGGCUCGUGUUU,GCACUGAUGGAGUGGAGGUGGUUGGUGUUU
UGUCAGCCAUGGUUACCACAUCUCGAAUAU,UGUCAGCCUUGGUUACCUCAUCUCGAAUAC
AACCUAACUUGGCGGACUUAGUCAGCUCCA,AACCUCACUUGGCGGACCUAGUCCGCUCCC
CUUCGAUGGGGCUUGUAUCGCCCCCAAAUG,CUAAGAUGGGGCCUUUACCGACCACAGAUG
UACUUCCAUGUAGACAAUUAAUGGGCUGGG,UAUUUCCAUGUAGAUAAUUGAUGGGCUGGU
UGGGAUCGUGUAUUUGCUUCAGCUUGGCCA,UGGGACAGGGUCUUUGCGUCAGCGUGGCCU
UCGUGCUGGUGACAGUGGUCGUUUAACUUC,UCCUGUUGGUGACAAUGGAGCUUUAACUUU
ACUCAUAGAAACUAUUGCGGUGCCCAUGAU,ACGCACAGGAACUACUGCGGUGCCCACGAC
AGGGCUUUGUAGAGUUAACAUGACCAUUGC,AGGGCCUUGUAGUCAUAGCAUGACCACUGC
AACAUUUCCCUAUGGUAUUACCCCCACUGG,AAUAUAUCACUCUGGUACUACCCCCACUGG
CAAUAUUAUUUUUGGCAGUAAAACCGUUGC,CAAUAUUACUUCUGGCAGUAAAAUCGUUGU
GAGGAUUGAUGCAAAUGGCCACUGGGCAUU,GAGGACUGAUGCAAAUGGCCACUGGGCAUA
ACUAUUCUUAACACUUAGUACUCCAAAUCG,ACUAUUCUAAAUACUUAGUAUUCGAAGUCG
AACGUCAUCAUGCAUUGUACGAUGGCUGCU,AAUGUCAUCAUGCACUGUACGAUGGCUGCC
UUGGAGAACCAUGGUAUGGCCCUCACCAAC,UUGGAAAACCACGGUAUGGCACUUACUAAC
UGCCCGAGGUACUGCAACAUGUUUCGUGUU,UGUCCGCGUUACUGCAACAUGUUCAGGGUU
CCCAUGAAAAACAUUAUGGCGAAUUGGAUU,CCCAUGAAGAAUAUUAUGGCGAACUGGAUU
AAAUUCAAUAUGAUAUGAUGUGAUCCACAA,AAAUUUAACAUGAUUUGAUGUGACCCACAG
CUUAACGAGCGCCACUUGUAUUAGUCAAUG,CUUAAUGAGCGCCAUUUGUAUUGAUCCAUG
UGGUGGUCGCCACAAACGGAAACCAACGCA,UGGUGGUCGCCUCAAACGGAGACUAACGCC
UAAAAGUGGAUGACGAAUAAUGACUGGGAG,UAAAAAUGGAUGACGAACAACGAUUGGGAA
GUGAUGGACGGGAAGAGUAAGUCUUAUAUA,GUGAUGGACGGCAAGAGUAAAUCUUAUAUC
GAUGCGAGGACGAUUAAUGACUCCUGAAAA,GACGCGAGGACCAUUAACGACUCCUGAAAA
UGAUUUUACUUUUGCCGGAAUGAAGGAGAU,UGAUUCUACUUCUGCCGGAACGAAGGAGAU
AAAAAACAAGGUUGUUUCGACACUGGAGAG,AAGAAACAAGGAUGCUUCGACACUGGGGAG
AUGUGCAUACCCGCCCAAAUAACUAUGUUU,AUGUGUAUUCCGGCCCAAAUAACUAUGUUU
UAUCCUGGCCAGUGGUUAAUCGAAUCGGCU,UAUCCAGGCCAGUGGUUAAUUGAGUCGGCU
CCUGUCUAACGCCAUGUGUACUCAAAACCU,CCUGUCUAGCGCCAUGUCUACUCUAAGCCU
AUGCAGGUAGACCAUUCUUUUUUCCGCUGG,AUGCAGGUAGAUCAUUCUUUCUUCCGAUGG
CUAGUGUUAUUAUAAUCCUACGUUCACAAU,CUAGUCCUUCUAUGAUCCUAUGUUCAUAAC
UGGUUCCCAAAUUAGUAAUUCAUGCAUGAC,UGGUUUCCAAAUUGAUGAUUUAUGCACGAC
AGAUUCCACAAAGGUCAGGUCCCUUACUGC,AGAUUCCAUAAAGGUCAAGUCCCCUACUGC
GACUACCUAUAACGGUGAUGUUUUAAUGAG,GACUAUCUCUGACGGUGAUGUUUUAACGAA
AACGGCAAAGAGAAGCAGAAGUUCCCAUGG,AACGGCAAAGAGAAACAGAAGUUCCCAUGG
AAGAAAACGUAGCACGUGGCACCCUUUGUU,AAGAAAACUUGACAUGUUGCGCCCUUUGUU
AUGGCGAAUAUAUUUGGGCUGUACGCACGA,AUGGCCAAUAUCUUCGGUCUCUACGCUCGC
UAUGUCGAAUAUCAACUUCAACGCUGGAUA,UAUGUUGAAUACCAGCUUCAGCGAUGGAUA
GGGGGUUGAGCAAUGACUGAGAUGGCAGCA,GGAGGGUGAGCAAUGACAGAGAUGGCCGCC
CAAGAGUAGUUGUUCUUGAUUGAAGGUAUG,CAGGAAUGACUGUUCUUGAUAGAAGGGAUG
GCUGUGAAGUGCUCGUGGUGGACUGAGAGA,GCUGUGAAGUGCUCUUGGUGGACCGAACGC
CUGCAGGGGUGGAAUAAAGUUUUCAAUUAA,CUGCAGGGUUGGAAUAAAGUAUUCAAUUGA
UUUCAGGACGUUAGUUGGAUACAUCGGUUU,UUUCAGGACGUAUCUUGGAUACAUCGCUUU
ACAGUGGAUUUUUCGUGGUUCCACAAAGAG,ACCGUGGACUUUAGUUGGUUUCAUAAAGAG
GAAUACAUUUGCUGGAAGAAUGUAAAAACG,GAAUACAUUUGUUGGAAGAAUGUAAAAACG
GAUCCAAAGCGGCUCUGACAUCUCGCGUUC,GACCCAAAACGGCUAUGACAUUUAGCGUUU
CUCUGAAGCCAAUUCAUGACAGAAUGUUUU,CUAUAGAGCCAAUUCAUGACAGAAUGUUUU
ACUAACCGCCCUUAUUCAUGGAUAAUGGAC,ACUAAUAGGCCGUACAGUUGGAUAAUGGAU
GAUCACGAUAGCGCACAUUGCAGACAGCAA,GAUCACGAUUCCGCACACUGCCGGCAGCAG
GAGUUAGCGGGGUGCGGAGAAUAUCAUACG,GAGUUAGCGGGGUGCGGCGAAUAUCACACG
UGGCAUAAGAACUAUGGGGUUUGUCCAUCU,UGGCACAAAAACUACGGCGUUUGUCCCUCA
AAGCCAGACUCGAUACGACUCUUCUGUCUG,AAACCUGACUCGAUUCGUCUCUUUUGUCUG
AACAUGAUGGACGAAGAUAUCAUGUAAACA,AACAUGAUGGAUGAGGAUAUAAUGUGAACA
AUUUAAAACAUGCCAAACCGUCAAUUUUAC,AUUUGAAAUAUGCCAAACAGGCAGUUCUAU
GCCUUCAUACAAUCUAACUGGUGCUAAGAC,GCGUUCAUACAGUCGAAUUGGUGCUAAGAU
AAAUUUGAAGUACCUGUUGGACGAUAGCAU,AAGUUCGAGGUACCUGUCGGUCGUUAGCAC
CGUGUAUAUAAUAAGAACCAGUUUGAUCAU,AGAGUAUAUAAUAAAAAUCAGUUCGACCAC
CUGAAAGGCGACCGCCAUCAAGAUUAAGGU,UUGAAAGGGGACCGCCACCAGGACUGAGGU
AUGUACCGUUUAUGGAAAUGCGACUGCUUC,AUGUAUCGUUUAUGGAAAUGCGACUGUUUU
UAGUGCGAUCGGAUGAUCCAGAUCCGCGAA,UGAUGUGAUCGGAUGAUUCAAAUUCGCGAG
CUGAAUAGCGGCAUUGAACAAUUGUCUUCU,CUAAACAGCGGCAUCGAGCAAUUGUCGUCU
GUACGCGCGUAGCGGCUUAGGUGAAAAUCU,GUACGCGCGUGACGCCUUCGCUAAAAGUCU
UACAAAUAUAUCAUUGACGAAUGUUAUCCU,UACAAGUAUAUCAUUGAUGAAUGUUACCCU
UUUUGGAUGGCCGCGACCCAUCACUCUACA,UUCUGGAUGGCCGCGACCCAUCACUCAACA
CCAACAUGCUGUUAUAAGUUAAUGUAGAAG,CCAACCUGCUGCUACAAGCUCAUGUGAAAA
GUAAUGGACCCUGGAGUGGUAAUGAUGGUG,GUGAUGGAUCCUGGGGUGGUAAUGAUGGUA
CAAUGGACAUGGUUAAAGGUACGGUGCGAU,CAAUGGACAUGGUUAAAGGUACGAUGUGAU
CUCGACACCCUGAGACGAUGCCCAAGCACC,UUGGAUACACUCAGACGAUGCCCCAGCACG
AAGGAUUUUGACCACUAUCUGGAGGCGGGU,AAAGACUUCGACCAUUACCUGGAAGCGGGG
AUCUACAUGAAUUAACAAAGCUAUUUUUGC,AUCUACAUGAACUAACAAUCCUAUUUCUGC
CAUGGCAAAAAACAGAAUGACAUGAUUGAC,CACGGCAAAAAACAAAACGACAUGAUAGAU
AUGAUGGAAGUGAACAUGGGCUGGUGACUU,AUGAUGGAGGUCAAUAUGGGCUGGUGACUG
AAAUGGGGACCUUACAUGUGACAGCGUAGC,AAGUGGGGGCCUUAUAUGUGACAGCGUAGC
AUGACUCCCCAUGUGGGAACCGAUCCGUGG,AUGACUCCCCAUGUGGGGACCGACCCAUGG
GCAGAGUGUUACAUGGACCAGCCAACCUGA,GCGGAGUGCUAUAUGGAUCAGCCAACAUAG
CCGACUUGUAAAAAACACGGGACUAGCUGA,CCGACUUGCAAAAAACACGGCACAUCAUAA
AGAAGUCAUUAACGGGACCGCGUCCGAACC,CGUAGUCACUGACGGGAUAGGGUGCGCACA
GGUAAUCAAUUCUGCAAGCAUCCAAUCUAG,GGGAAUCAAUUCUGCAAACACCCAAUAUAG
GUCAAAGAGGACCUACAAUUUGCCAAUUGA,GUGAAGGAGGAUCUACAAUUCGCCAAUUAA
CACGUCCGGAGGGUAUAUCCCGGACCUGAU,CACGUCCGGAGGGUCUACCCUGGACCUGAU
AGACACGAUAGCAGGAAGCACUGAUGGCAA,AGACAUGACAGCAGGAAACACUGAUGGCAG
AAUGUUUAUAUAGGCCUGAAUUAACUCUAC,AAUGUUUACAUAGGCUUAAACUAACUGUAU
UUUUUUGAUAGGGAUUGGCUACAAAAAGUA,UUCUUUGACCGUGAUUGGUUGCAAAAGGUC
AUUUGUAAGAGCCGGGAAUACUACUGGCAA,AUUUGUAAAUCCCGGGAGUAUUACUGGCAG
AAUUUUAAUCAGUGGUGUAAACAGCAUUAU,AACUUCAAUCAAUGGUGUAAGCAACAUUAC
UACUAGCAUGAGUGACAGGUAAAGGGCCCG,UAUUAGCAUGAAUGACAAGUAAAGGGACCU
AAGUGAUCAUGGUACGAUACUGGAGCACAU,AAGUGAUCUUGGUACGAUACCGGAGCACAU
ACCCAUAGGAAAUCUGCGAUAAAAGAUUAG,ACACACAGAAAAUCCGCGAUAAAAGACUAA
GAACGGCGUCAAAUCCGGAUGUCAAUGCAA,GAGCGCCGUCAAAUUCGUAUGUCGAUGCAG
CAAUACUGCAUCUGUUAAUGCUGGCCUAAU,CAAUAUUGUAUCUGUUAAUGCUGGCCGAAC
CACCAGUCCCUUUGUGCACAUAAUCAGGCA,CAUCAGUCCCUAUGCGCUCACAAUCAGGCG
GGCGCCAAUAAUUAUAGUCAAGACGACUAC,GGCGCGAACAACUACAGUCAAGAUGAUUAU
GAGGAAGUAAUUGACAGUAAGAACUGGCAG,GAGGAGGUGAUUGACUCCAAAAAUUGGCAG
AUGACCUGAACUCUAAAGUUCAAACAGAAU,AUGACCUAGACACUAAAAUUCAAGCAGAAC
AGGUGGUGCACAAAGUCAAAGCUCGAGAUU,CGUUGGUGUACAAAGUCAAAGCUCGAGAUU
GUGCCUUACUAGGUAUGAGCUUACAAAGGU,GUGCCAUAUUAGGUAUGAGCAUAUAAGGGA
ACGGGUACUAUGACUGCUCUUCAGCCAGAC,ACUGGAACCAUGACGGCUCUUCAGCCGGAU
UAGCACAAGGUGUUCUAGGGUAUGAAUCAC,UAGCACAAAGUGUUCUGAGGAAUGAACCAU
GCUGGUAUCCAGGCUGACCGUAGGUGAACG,GCCGGAAUCCAGGCUGAUAGACGUUAAACG
AAAUAUAAAGAAGAGGCGAAGUUUCAUGAA,AAGUAUAAGGAAGAGGCGAAGUUCCAUGAG
CACUAUUAUGAAUAUAUAUCAGCCGGACAA,CACUACUAUGAGUAUAUUAGCGCUGGACAG
ACUGUUUUUAAACAAGUAAAGAACGACAAC,ACUGUCUUCAAGCAAGUGAAGAAUGACAAU
ACGUGGAUUUGGUUUACGAAAGAAGCUGAC,ACUUGGAUUUGGUUCACAAAAGAGGCAGAU
ACAGGCUGGUGUGUAUGUCGCAUGUACUGG,ACUGGUUGGUGUGUUUGCAGGAUGUAUUGG
AAUAUUUAUGACAAUCAGUGAUAUGGACCA,AACAUCUAUGACAAUCAGUAGUAUGGCCCA
ACCACGUACGUUUGGUAGCCAUGUGGAAUG,ACCACGUAUGUUUGGUAACCAUGCGGAAUG
GAUCCACACCUUGGCCGCGAACCUAAAAAC,GAUCCACAUUUAGGACGUGAACCGAAGAAU
AAUACUGGUAACCACUAGGACUGUAAUAUG,AACACCGGCAAUCACUAGGAUUGUAACAUG
AGCUAACACCAGAUGGAGCACACCCCGAUG,UCGUAACACCAGAUGGAGCACACCCCGAUG
UACCUAUUCAUUAAGAAGGAUAUUGAUGCA,UAUUUAUUCAUCAAAAAAGAUAUCGAUGCC
UGCACUGUCGCAGUCGUAUGUGAUGAAGGG,UGCACGGUCGCCGUCGUAUGUGAUGAAGGC
AAUUGUGAAGCGUUCGCCGAGCCCACCAAG,AAUUGCGAAGCGUUUGCAGAACCCACUAAG
AAAGAAGCGGAACAUGACAAGAACAUAGCU,AAAGAAGCGGAGCAUGACAAAAACAUCGCC
UUGAAUUGGUCAUAAUGGAAUCAGGGUAGG,UUGAACUGGUCAUGAUGGAAUCAGGGGCGC
UGGCACGAGUGGGACGUUGUACAAGACUGA,UGGCACGAAUGGGAUGUUGUUCAGGACUAA
AACUUUUGAAAUAUUUACCGGCCGUUUAUU,AACUUUUAGAACAUUUAUAGGCCGUUUAUU
UACUAGGCAGACGAUGGUUAUGAGUGGUAU,UACUGAGCGGAUGACGGUUACGAGUGGUAC
GCACAUCAUAUGAAGGUCCCUCCUCAAUUC,GCCCAUCAUAUGAAGGUCCCUCCUCAGUUU
GCCUCGGUCUAUCUUAGGGGCGUCAUGAUG,GCUUCGGUAUACCUUAGGGGCGUCAUGAUG
AUAUAGAGGCAGCCCGAAACGGUUGACACU,AUUUAGAGGCAGCCCGAAACCGUUGAUACU
CUGCCUGGAGAUACUUUGUACGAAGGCAGG,UUGCCUGGAGAUACCUUAUAUGAGGGCCGA
CCCUGCGCAAAGAGUUACAAGAGCUGCGAU,CCAUGUGCAAAGAGUUACAAAUCCUGUGAU
UCUUUCAACAAUAUGGACAGCAAAUGAAAG,UCUUUCAACAACAUGGACUCAAAAUGAAAG
ACUUGCUACACGGCCUUGUUUGCCCAAUUU,ACAUGCUACACUGCCUUGUUCGCGCAGUUC
UAUCACUAAUGCGCACAAUAUCACAUGGCC,UAUCAUUAAUGCGCGCAAUAUCACAUGGCG
GAGAUCAAGGAAAGCUGGCUCGCACAUUUC,GAAAUUAAAGAAUCCUGGCUCGCACAUUUU
GCCCUUAAAUAGCGGAAUGUGAAUCGUAAG,GCCCUUAAGUAGCGGAAUGUGAAUCGAAAG
CUGUCCCCUGUCGUGGUCAAGCCAGAUCUA,CUGUCGCCAGUCGUGGUAAAGCCAGACCUC
GCAAGCUGCGUUCAGCAGCUAUAGUUUCAC,GCCUCCUGCGUUCAGCAAUUGUAGUUUCAC
AAAUUCGAGGCGAACCCUUGGCACGUACCA,AAAUUUGAGGCGAACCCGUGGCAUGUCCCU
CGGACCCGGUAGAAGCAUGAGAUGUGGGAU,CGGACUAGGUAAAAGCAUGAAAUGUGGGAC
UGGGAAAUGAAAAAUGGCAACCCGGAAGGU,UGGGAGAUGAAAAAUGGCAAUCCCGAAGGU
UAGUUCAGUUGCGGUCCGUACGAAUGAUAA,UGAUUUAGUUGCGGUCCCUACGAAUGAUAA
UACACAUGGGGGGAGGGUAAGGAAUAUUUU,UAUACCUGGGGGGAAGGAAAAGAGUAUUUC
UGACGAGUUUUCACGACCUCUGAGGAUCUC,UAGAGAGUGUUCACGACCAGUGAAGACCUC
UGGCUACUGAUAGCCGGGGUAAUCUGCAGG,UGGUUGCUGAUUGCUGGAGUGAUCUGCCGC
AAUGUGCAGUACUGUGUAUAGGACCCUUUC,AAUGUGCAGUACUGUGUCUAAGAUCCUUUC
AAUUAUAUUUGUUGGAUGUUGUGUGAUAAA,AAUUAUAUCUGUUGGAUGUUGUGUGACAAG
CAUGAUAUCGAGUAUUGGCAUAAUAUGCCU,CAUGAUAUCGAGUACUGGCAUAAUAUGCCA
UGGCCGAUACAUGGAAGGAUCCCCCUGAUA,UGGCCGAUCCACGGAAGGAUUCCCCUAAUA
AUAAUUUGGGAGUGUAGGACACAGGUCUGC,AUUAUUUGGGAGUGCAGAACGCAGGUAUGU
AUGUGACAGGAUAAAAACUUAGACAUGCAA,AUGUGACAGGACAAGAAUCUGGAUAUGCAA
CGCAAUGGCAAUUGCUCGUGUUAUCCUUAC,CGCAACGGAAAUUGCUCAUGCUAUCCGUAU
ACACCAUGGAUGAAUAAAUUCCCGGUAAAG,ACGCCUUGGAUGAACAAGUUUCCGGUAAAG
CGCCCUAUGCAACGUUGCUGGAGAGAUUGU,CGCCCCAUGCAGCGUUGUUGGCGCGAUUGC
AUUUUGACGCCGCCUACACGAAAUACCUAG,AUUUUAACUCCGCCUACACGAAAUACCUAA
UAUCACACCAAGUAGCCAUACCCACAUAAA,UAUCACACCAAAUAGCCCUACCCACAUAAG
GAAUGGCCCAUGAAACCGCUCUUUCACGUC,GAGUGGCCCAUGAAGCCGCUCUUCCACGUC
GAAGAUAAACCGUGGACCCAAAAUCAUAAG,GAGGACAAACCAUGGACCCAAAAUCACAAA
UCUCAAUCUUGUCCCGUGGGGAAUCCUAUU,UCCCAAAGUUGUCCCGUGGGGAACCCUAUC
CACCAUCUGUUCCUCGAUGGACGGGAAACA,CAUCAUCUGUUUCUGGAUGGACGGGAAACA
UUCCUUCUAAGAUACUACCGCCAAUUUUGG,UUUCUCCUACGGUAUUAUCGACAAUUUUGG
AUUAUGAUUUGGCGGGUUCCCUACACCCCG,AUUAUGAUUUGGCGGGUCCCCUACACUCCG
UGUAUAGUAAAUGUCGGUAACCCAUAGACC,UGCAUAGUUAACGUGGGUAAUCCGUAGACU
UGGGAGCAGAUGAUGAACCAGGACAAAAUG,UGGGAGCAAAUGAUGAAUCAAGACAAGAUG
UACCCUAGGAUAUGCUGUUGGGCUUCGCAC,UAUCCAAGAAUAUGUUGCUGGGCUUCGCAU
GCGGUCUGUUGCCCUUGCAUGCAGGCGUGG,GCUGUAUGCUGCCCGUGUAUGCAGGCGUGG
UGCGAUUGGCACGCACAGCACACGGAUGGA,UGCGAUUGGCAUGCGCAACACACGGAUGGA
AAACACAAAAGCUACCAUCAACGGCCUAAU,AAACACAAGAGCUACCACCAGCGUCCUAAC
UGGUAUCAAUGUAGUGAACUGAUGCAGCUA,UGGUACCAGUGUAGUGAACUUAUGCAGCUG
GAUUGCAUAGAACUACUCUGAAAUUGCAUU,GACUGCAUAGAGCUUCUUUAGAACUGCAUU
UAUAAGCAAUCAAACGAGGCCUACGACAAC,UACAAGCAAUCGAAUGAGGCCUAUGAUAAU
ACGCUACAGAACGCCAUGAUGGCAACUGGU,ACGCUACAGAAUGCCAUGAUGGCAACUGGU
UUCGGCCAAAAGAAAGACAUGUGUGGAAUU,UUUGGUCAGAAAAAGGACAUGUGCGGGAUU
CGUUGAUGACGAGUAGUCGACAUGGAGGCG,CGGUAGUGAAGGGUUGUUGACAUGGAGGCA
AUGGAGUAACACUACUUUCCGGCUCAAGAC,AUGGAAUAACACUACUUUCCCGCACAAGAC
UCAGCGAAAUAUUGUUGGUUAAAGCCGUAA,UCGGCGAAGUACUGCUGGCUAAAGCCGUAA
UAUAUGUCUUUGAUGUCUUAGGAAGCGCAA,UACAUGUCUUUGAUGUCUUAAGAGGCUCAG
AAGACCAAUUGGAAGGAUUAUAUAUGCCAU,AAGACGAAUUGGAAGGACUAUAUUUGUCAC
CGUAAAUGCAACCUCUACUUUUAAGAAAAC,CGCAAGUGUAAUUUAUACUUUUGAGAAAAU
AAUAAUCGAAGUGAUAAUAAAUUCGGUUGA,AAUAAUCGAAGUGAUAACAAAUUUGGUUAG
AUCACUAUAUAAGGGCGUUUCAAAAAUAAC,AUAACUAUUUAAGGGCGUUUCAAAAACAAU
UGCGGCGGGGAUUGGUUUAAGCAGUGAUCC,UGUGGAGGAGAUUGGUUCAAGCAAUAAUCU
GCGGUCGAAGGUAUCUUCCAGUAGAUGCAU,GCGGUGGAAGGAAUUUUUCAGUAAAUGCAC
AACGGCCCAACCCGACAGUAGGACAAACCC,AACGGCCCAACCCGUCAGUAGGACAAGCCA
CCCGAUGGCCACGAAAAAGAAGCAUGAUAA,CCCGACGGACAUGAAAAAGAGGCUUAGUAG
AACGCGGUUUCGCAAAUUAAUGAUUCAGAC,AACGCCGUGUCGCAAAUCAAUGAUUCUGAC
AUGUGUUUUUAACAGGGCUGGGAAAUUUAC,AUGUGCUUUUAACAAGGUUGGGAGAUUUAU
GCGGGAAGGCGAGAGAUGCAUGCAUGGCAC,GCAGGGAGACGGGAAAUGCACGCAUGGCAU
GUUCAAACCUUUAGGUGUUAAAAACAUUAG,GUGCAGACCUUCAGGUGUUGAAAGCAUUAA
AUGAAUAACCAUCCUUGUUGAACUGACACG,AUGAACAACCAUCCGUGUUGAACUGAUACG
AAACCAUUUCCAGCCUUCAGUCAUCUCUCG,AAGCCAUUUCCCGCAUUCAGUCAUCUUUCG
AUCCACGAAGUUUACUGUGUCAGGACAUUC,AUUCACGAGGUGUACUGCGUCAGGACAUUU
AGUUUGGUGUGAUGUAUGGGUCGGUUUAGA,UCCUUGGUGUGAUGCAUGGGGCGCUUCAGA
CAGCGCGCGCUUUUCUUAACCUUCUGGCAA,CAAAGAGCGCUUUUUCUGACCUUUUGGCAA
CGGACAGUGGACCAAAUGAGGUUCCAGCCG,CGGACAGUGGAUCAGAUGAGGUUCCAGCCG
ACGCCAAAUGAUCGUUAGUGUGAUCACAUG,ACACCGAACGAUAGAUGAUGCGACCACAUG
UGGGAUUCCUUUAUUUUUCAACCGCAGGUA,UGGGAUUCGUUCAUCUUUCAACCUCAGGUU
AAGGUCAGUGGCAACCCGUGAGACAAGAUA,AAAGUAAGUGGCAACCCUUAGGACAAGAUC
UGGAUGUAGAAUACUAAAUGUCAUAACUGC,UGGAUGUAGAACACAAAGUGUCAUAAUUGU
CAUCACGUCAGCGUAUAUGCCACAGAUGGA,CAUCACGUUAGCGUCUAUGCCACCGACGGA
GACUGUUAUGCGAUCUGCAAGGGAACUAAU,GAUUGCUAUGCAAUUUGUAAAGGUACCAAC
AUUGGAUGCUCGUUGAAGCAGAUUCCAAUG,AUCGGAUGUUCUUUGAAACAAAUACCAAUG
CGGGCAUGUAUGUUCAAGGAAGGAGGUGUU,CGGGCUUGUAUGUUUAAAGAAGGCGGUGUG
GAUGUGUGAAUCUACACCUGCUGUUUUAUU,GACGUGUGAAUCUACACCUGUUGUUUCAUA
UCCGUGGAUUGUCCUCUCUACUAAGAAAUG,UCCGUUGAUUGUCCGCUCUAUUGAGAGAUG
CACAAUCCUGCACCCACAGUAUUUUUCCAG,CAUAAUCCGGCCCCAACUGUCUUCUUCCAA
CGCAUACUUAUUUAGGAUGCCCCUCCGUAU,CGCAUACUUAUCUGAGACGCUCCCCCUUAC
GCAUGUGUGAUAGCUUAAGCAUUGUACUAA,GCAUGCGUUAUAGCAUAAGCACUUUACUAG
AACUCAUACGGUUAGGAAAUACGGCGCACG,AAUUCGUACGGUUAGGAAAUUCGCCGCACG
CAGUACAGGACCUGUGAUCUUUACUACUGC,CAAUACCGGACAUGUGAUCUUUAUUACUGU
GACUUGAACGCCAAUGCUUACCAGAGCUUC,GACCUCAAUGCGAAUGCUUAUCAGAGUUUC
ACGUGUCAGACGGAAGAGUACUGUUGUUGG,ACGUGUCAAACCGAAGAAUAUUGUUGCUGG
AAGUCUACUUGCAAUCGAUUGGGGUUUAGA,AAGUCCACUUGUAACCGACUAGGUUUCAGA
CUUAUUUACAAGAGCACAAGUACGUGGAAU,UUAAUUUAUAAAAGCACAAGCACUUGGAAU
UAUAGGAUGGCCCAGUGCAUAUCUCACGUU,UAUAGGAUGGCUCAAUGUAUAUCUCACGUC
ACGCGCAUGACCCAGCGCCUCUACAUCGGU,ACGCGAAUGACCCAACGGCUGUACAUAGGU
UGGGUUUUAUAGUGCACUUGAUUCACAACU,UGGGUGUUAUAAUGUACGUGAUUCACAACC
CGUCUCCUAGAGUCGGUCACAUAUCACUUG,CGUCUGCUGGAAUCGGUCACCUACCACUUG
GAUGCCGCAAUCUGCUCUAUCUAAGUGAGC,GACGCAGCGAUCUGCAGCAUAUAAGUGAGU
GAUUGUGAUCUCCACUGCAUCGGGUAUAUG,GACUGCGAUCUCCAUUGCAUCGGAUAUAUG
AACAAGCACAUAAUGGCCUAGUGUAUUAUU,AACAAGCAUAUAAUGGCGUAGUGUAUUAUU
CACUACUGGUAUGCUUAUUAGCACGGCCCU,CACUAUUGGUACGCUUACUAGCAUGGCCCU
AAGGUAAAACACUUAGGCAGUGAAACACUG,AAAGUAAAGCAUUUGGGCUCAGAGACAUUA
AGUUAUAAAAAAAAUGCCUGUUGUUGGCGA,AGUUACAAAAAAAACGCAUGCUGCUGGCGG
CGACAGUUUAUAUGUACCUGCGCCCAUCGA,CGACAAUUUAUCUGUACCUGUGCCCAUCGA
UGGUACAUUUGCACACCGGUCCAGCACAUA,UGGUAUAUAUGCACACCUGUUCAGCACAUA
GACGUUGGAGUUACCAAGACCUGCCUCCAU,GAUGUUGGAGUUACGAAAACGUGUCUACAU
CUAGGGUAGAUGCACUUCAAGGGCGCCAGA,CUGGGUUAGAUGCAUUUUAAAGGCGCGAGG
UUUUCUACGGCGGCCAGCUGUGGUUGGAAA,UUUAGUACCGCCGCCAGUUGUGGGUGGAAG
ACUAAACAUGCAAAUUUUCAUCAGACCGCU,ACAAAGCACGCGAACUUCCAUCAAACAGCA
AGAAGAGAGGGUCACGUCUGACACUAAUUG,AGACGAGAGGGUCAUGUGUGACAUUAGCUA
GCGCACUCACCGUAGCCGUCUGUAAAACAU,GCACAUUCACCCUAGCCGUCUGUCAAGCAU
CUUACUGAGUGGUCUGUCUACGCUUGCAUG,UUAACUGAGUGGUCAGUGUACGCUUGCAUG
GACAACAUGUUGUACAAUGUCCAAUAAAAC,GAUAACAUGCUGUACAACGUCCAAUAAAAU
UGUAUUGGUUGGACCUUGGUCCAUAUCGCC,UGCAUUGGGUGGACCUUGGUCCAUAUUGCU
GAUCACUUCUGGGAUGAUUACGAUAAGCGG,GAUCACUUCUGGGACGAUUACGAUAAGCGG
ACCAAAGAAGCUUUUGACUGUGAGGUGGUG,ACGAAAGAAGCUUUUGACUGCGAGGUGGUC
CAUAUGUUUCCCUGGAAUCCCAUGGAGAAC,CAUAUGUUCCCUUGGAACCCGAUGGAAAAU
UGUUGUGGGGUGCACUCGCACCAUACGAAA,UGUUGUGGGGUUCAUUCGCACCAUACUAAG
CCGUACUGGCGCAUAGACGAAAUCUAUGCA,CCAUAUUGGCGCAUCGAUGAGAUAUAUGCC
AUUGACAAGGUAAGCCAGACCAGAAAAACU,AUAGAUAAGGUAAGCCAAACCAGAAAGACU
CCGAUAAGGUUCGACUGGAAUCAGCAUUUA,CCUAUUCGCUUCGACUGGAACCAACACUUA
GCCGUCUCCUGGAAAAAGGGAAAUGAGGAA,GCGGUCAGCUGGAAAAAGGGGAACGAAGAA
UACGACUUAGUGUGCGAUUGCCCCUUUUGC,UACGACUUAGUCUGCGAUUGUCCCUUCUGU
GAAAAUUUUAUGCCCCAGCAGUACCUUACC,GAGAACUUUAUGCCUCAGCAAUACCUUACC
UGGGACGGAGAAACCUCUAAUAGAGUGGUC,UGGGACGGGGAGACAUCUAACAGAGUGGUC
UGGUUUGAGACUUGUUACUUUCAGCUGUAG,UGGUUUGAGACUUGUUAUUUUCAACUGUGA
AUCGUAUCUUAAAUGUUUAAUACAUAUGGA,AUAGUAUCCUAAAUGUUCAACACAUACGGA
CAUGAGUACUAACGUGCCCUUUAUCCAUUC,CAUGAGUAUUAGCGCGCUCUUUAUCCCUUC
AAUUGGAUGAUGGAACACAUCUUCUUUGUC,AACUGGAUGAUGGAGCACAUCUUUUUUGUC
GGCAUGUUCGAGCGUACUAUUAAAGAACCU,GGAAUGUUCGAGCGUACAAUAAAAGAACCU
ACUUUGGCUAACGAGUAUUAUUCGGACGAC,ACGUUGGCCAAUGAGUACUAUUCCGACGAC
AUGACCGUUUGUUCCCCGCGUUAAGUCGAU,AUGACGGUUUGCUCCCCUCGAUAGGUCGAC
GUAUUGCAUAGGCCCUGGCUCAUGAUACGA,GUGUUGCACCGACCCUGGCUCAUGAUACGA
GAUAUGUAAAAGACGAAAGCAGGAGUCUGA,GACAUGUGAAAGACGAAAGCUGGAGUAUGA
AAAUACUUGAUUACUGAGGGUGUUAAGACU,AAGUAUUUGAUAACUGAAGGAGUUAAAACU
UUUUAGUAAUUCGAUAGAUUAGGACUUGGG,UUUUAGUAAUUUGAUAGAUUAGGGUUAGGG
UGGUUCUAGUUCCGACCCGGUUAUUGGAUG,UGGUUUUAGUUCCGACCCGGCUACUGGAUG
CUUUUACAUCGUCCGUGACACAAAUGGGCA,CUUCUCCACCGUCCGUGACACAAAUGGGCA
CGAGUUGCGUGGAGGAGACAUCACUGUUUU,CGAGUAGCGUGGCGCAGACAUCAUUGCUUU
UAUGAUAUCGGCAUUGAAUAUCAGUUCUAC,UAUGAUAUCGGAAUUGAAUAUCAAUUUUAU
AAUCUACCGAAUAAGUUUGCCAAAGUCUGC,AACUUACCGAAUAAGUUUGCAAAAGUCUGC
CCUCGUAUGGAUACAAAGUACUGCUACUAU,CCAAGGAUGGACACUAAAUACUGCUACUAC
UACACGAUGCCACCAGGCUGCCUUCAGAAG,UACACCAUGCCUCCAGGCUGCCUUCAGAAG
UGCGUGAAAUGAGAACCCUUUUAGAAACAG,UGCGUCAAGUGAGAACCAUUCUAAAAGCAG
CCGGGUUUCGUGUAUUAUGGGCCGAUCGCA,CCGGGUUUUGUGUAUUAUGGGCCGAUAGCA
UGGUUAGUGUAUAACAACGAUAUGGACGAA,UGGUUAGUAUAUAACAAUGAUAUGGAUGAG
GAUUCUUACACCAUGGAGCAGUCCCAGUUG,GAUUCAUACACCAUGGAGCAAUCGCAGCUA
UGGCAAUAUAUCCAGAAUGGGGACAACCAG,UGGCAAUACAUCCAGAAUGGCGAUAAUCAA
AAUGCCAUGGGCCAAUGUUGUUGGGAGGGU,AAUGCCAUGGGGCAGUGUUGUUGGGAGGGG
CACUAACCACAAAUGUGUAUUUGCGAUUGA,CACUAGCCUCAGAUGUGUAUUUGUGACUGA
UGGAUGGUGCCAGUGUAUCAAUCCACGGUG,UGGAUGGUGCCCGUCUACCAAUCAACGGUG
AACGCCGCUGGACACUCGCAUGCACGCUUC,AAUGCGGCAGGACAUUCGCACGCAAGGUUC
ACGUGCCGGAUGUCAUACCCUCAUCAGCAC,ACGUGUCGCAUGAGUUAUCCACACCAGCAU
CGUGACAGUUGGGCAGAGCCCAAUAAUAAU,CGUGAUAGUUGGGCAGAACCCAACAAUAAC
CAUAUGCAUAGUAAGGCCCAUAGAGGAGCC,CAUAUGCAUUCUAAAGCCCACCGUGGCGCU
AGAUACCAGGUGAGGUGUUUCAAAUCUAUG,CGUUACCAAGUGCGAUGUUUUAAGUCGAUG
CUCUGUACCAUCAAUGUACCGUAAGACUGA,CUCUGUACUAUCAACGUACCUUGAGAUUAA
UGAGGGAACGAAAGUUCAGUUUACUGGUAG,UAGGGGAAUGAGUCAAGCGUUUACUGGUGA
ACUCAUGGUAUGUAGGUUUUAUGGGCUACU,ACGCAUGGUAUGUAAGUCCUUUGGGCUACC
GAUCGUUAGCAUUUAAACAAAUACCGACCU,GACCGUUAGCACCUGAACAAGUAUCGGCCU
AUGCCACAGAACUGUCGCGUGCCGUUUCAG,AUGCCUCAAAACUGCCGCGUUCCGUUUCAA
GAUAAAUAUGCUGUAUUCAACGACUCGCCA,GACAAAUAUGCUGUCUUUAACGACUCGCCU
GCCGUGAAAAUGUGAUACGUUAUCAUGAAG,GCCGUUAAGAUGUGAUACGUUAUAAUGAAA
AAGAAACUCAUGAUGGACAUCUUCCGCGAC,AAGAAACUCAUGAUGGACAUCUUUCGCGAC
AUGUGGUUCGACGUAAAAAUGCUUUAUGCC,AUGUGGUUCGAUGUAAAGAUGCUCUACGCA
CAUCAGAAGAAAAUCUAUGAUAAGGGCUCA,CAUCAAAAGAAAAUCUACGACAAGGGCUCC
CAGCAGUAUACUUAACAGUGGGUCUAUCGC,CAACAGUACACAUAGCAGUGGGUAUAUCGC
CGGCAGAAAUAGAUGCAAAGGACCCAAUUU,AGGCAGAAAUAGAUGCAGCGUACUCAGUUU
CCUCAAUAAUAGAAUAUCUGAAAGAAUUUA,CCACAAUAAUGAAAUAUAUAGAAGAAUUUG
GAAGGAGGGGACAUGUGGGGCGCGAGGUAU,GAGGGGGGUGACAUGUGGGGAGCGAGGUAU
CGGGCGAUGCACAACAAUCCGAAGAUAUGG,CGGGCGAUGCAUAACAAUCCUAAAAUCUGG
UAGACAUAACCGUGGAGGAAGAUACAGUAG,UAAACAUGACCCUGGCGAAAAAUACAAUGA
GAUGACUAUUUUGAGUAACGAGAACAUCCG,GAUGAUUACUUCGAGUGACGUGAGCAUCCA
UGGGGACGAUGGUAUUGAAAUCUGCAUUUC,UGGGGACGAUGGUACUGAAAUCUUCAUUUU
CCGUGCGACUAGCCUUGAUGGUACUACCGC,CCCUGUGAUUAGCCAUAGUGGUACUAUCGC
CACAAAGGUGAGCAGAUGGAUUGCACCGAC,CACAAAGGUGAACAAAUGGAUUGUACGGAC
GCUGUCAUAUUCUUCCGUCCCUAUAAUUUC,GCUGUCAUAUUUUUCCGCCCCUACAACUUC
GAGUUGCAGGACUUUUGACAAAUGGAAAUC,GAGUUGCAGGAUUUCUAGCAAAUGGAGAUC
CAUCAUCCACAUGAGGGCUGCCGUGGUUAA,CACCAUCCCCACGAAGGCUGCCGUGGAUAA
GGAUGCAAAGUGUCUGAAAAAGAAUAUGAU,GGAUGCAAAGUUAGCGAAAAGGAAUACGAU
AUCUAUCUCACCCACGAAAAUUGGCAUCAC,AUAUACCUAACACACGAGAACUGGCAUCAC
ACUGAAUGACUCGCUUUGAAGGGAGCAUGG,ACUGAGUGAUUGGCCUUGAAGGGGGCGUGG
UGCCAUCCUCAGUGUCCGCAACAUUAACAG,UGCCAUCCUCAGUGUCCCCAGCAUUAACAG
UUCCCUGAAGACCAUAUGGAGCCGGGCCAU,UUCCCUGAAGACCACAUGGAGCCCGGUCAC
GGGUUGCCAUUCAGUGAGGAAUGCGACGGG,GGCUUGCCAUUUAGUGAAGAGUGCGAUGGA
ACUGGCUGAGGAACUGGAUAUCCGAAUAUC,ACCGGCUGAGGAACUGGCUAUCCCAACAUA
GUUGCCGAAGUAAGGGCCGUUGAAUAUCCU,GUGGCUGAGGUCAGGGCCGUUGAGUAUCCU
UGCUGGCUAUGCUUGAGCAAUUGCGAGGGG,UGCUGGCUCUGUUUAAGCAACUGCGAGGGG
UGAGAUGAGGAGGAGCAGGCUAUGCAGCAC,UAAGAUGAAGAAGAACAAGCUAUGCAACAC
ACGCCCAGCUUAUGUGCAUUUCCCGUCAGA,ACGCCGUCACUUUGCGCAUUCCCCGUCCGA
UUCUUCAGCCAGUGGGGGGCUACCCAAGGA,UUUUUUAGCCAGUGGGGGGCUACCCAAGGU
CAACCAGAAAUGUUUACGUUUACGACCAAA,CAACCAGAGAUGUUCACUUUUACCACCAAG
CCGCACCCUCUUGAAUGGCGUUAAUACAAC,CCCCAUCCCUUGGAGUGGCGUUGAUACAAU
CCUUUUUGCGACUGGUCUUGUCAUUUCAGU,CCAUUUUGCGACUGGUCUUGCCAUUUCUCG
UUUCCGCGGCAUGCGUGGUACGGCCAGCAA,UUUCCACGUCACGCAUGGUACGGGCAACAG
CAAGACACUGAGGAGGCUGAGCGCGUGACG,CAGGAUACUGAGGAAGCUGAACGCGUGACG
AUUACAAAAAUUGGUAUUAGGUGGUAGGAG,AUAACAAAAAUUGGUAUACGAUGGUGAGAG
UGGCAAAAAUUCUACUGGAUAGAGCGCUGC,UGGCAGAAGUUCUACUGGAUAGAAAGAUGU
CGAGUAACAUGACCAACCUUCAAAGAAGAC,AGGGUAACAUAGCCCACCUUUAAAGAGGAC
AAAUAAAACGGGCGAGAUGAUCAGCCGGAC,AAGUAAAAUGGCAGGGACGAUCAGCCGGAU
UGGACGUCUGCUGCUUACUACACAGCUUCC,UGGACGUCUGCUGCUUAUUAUACAGCUUCU
AUUAUUUACCACAAGGAGUGCUAACCAGCG,AUUAUUUAUCACAAGGAAUGUUAACCGGCG
GAUGACCAUAUGGAGUAUCAACCAACGCGC,GAUGAUCAUAUGGAAUACCAACCAACGAGG
GAGCCCGAGCAGGGGCGGAUGACCUGGUUC,GAGCCCGAACAAGGACGGAUGACCUGGUUC
AUUAUGGGGUACCGCGAGGUGAUAUGUGGG,AUAAUGGGGUAUCGGGAAGUGAUAUGCGGG
AUGGAUGCCUCACGGGAGGGCUAUAUGGCG,AUGGACGCCUCACGGGAAGGCUAUAUGGCG
UACGUAUGGGUCCAGUGGCAGACAAUCUAC,UACGUAUGGGUCCAAUGGCAAACGAUAUAC
CAUCCGUGUAACUGCUGAAAUGUUUGGCAG,CACCCCUGCAAUUGUUAGAAUGUGUGGCAA
GACGACUGUCAAGUCUAAGUGACCUUAAUC,GACGAUUGCCAGGUCUGAGUCACCUUAAUC
CAGUGGAAACAUACCAAACACUCGGAUCAU,CAGUGGAAACACACUAAGCACUCGGAUCAU
UGCAUUGACCUGUGUGAGGACUUCGAAAGU,UGUAUUGAUCUAUGCGAAGAUUUCGAGAGU
AAAUGAUUGUAAGCGCGAAUUCAUUAUCAA,AAAUAACUUUAAGCUCGAAUCCAUUACCAA
AAUCACGAUAUCUUUAAUGGUGAUGCGCAU,AACCAUGAUAUUUUCAACGGUGACGCGCAU
GACUGUCCUUCGCGCUAUCGGGAUGGCAUU,GACUGCCCAUCUCGCUAUCGGGAUGGCAUA
GCGGGAUGGUAUAAGUGCGGAUUUAUGUGG,GCGGGGUGGUACAAAUGUGGAUUUAUGUGG
AUGUCCAAAGUCCGCAAAGACCAUUUUGAC,AUGAGUAAAGUGAGAAAGGAUCAUUUUGAU
UUUAUCGAGUGGGGCUUCUGCAAUUUUCGC,UUUAUAGAGUGGGGCUUCUGCAACUUUAGG
ACAUGCUAACAUGAAACUCCGCCGUAAAAA,ACCUGCUAACAUGAGACUCCUCCGUAGAAG
AUAUUCGUACAAUGGAAACAGUAUGCCUCA,AUAUUUGUACAAUGGAAACAGUAUGCCUCA
GAUUCGUUCGGAGAUUGCCCGCACGACUAU,GACUCGUUCGGGGACUGUCCGCACGACUAC
CCCCAGCUCAUGUGCAGCACCCAAGGAUAC,CCCCAGCUCAUGUGCAGCACUCAAGGCUAC
GCUAACCAGAAAGGAAGAACCUAUCAGGAC,GCUAACCAAAAGGGAAGAACCUAUCAAGAU
UUUGUGGCGGAGCGGACCUGUCAACUGUUC,UUCGUUGCCGAACGUACCUGUCAGUUGUUC
CACUUGCAGUAUAUAGAAGACGUCAACCCC,CAUUUACAGUAUAUAGAAGAUGUGAACCCG
AUGCUUUACUUCAGUUGGUGCGUAGAUGUA,AUGUUAUAUUUCUCAUGGUGUGUCGACGUA
GAGAUGGGAGAAGACCCGAUGCACCGGUGG,GAAAUGGGAGAGGAUCCGAUGCAUCGGUGG
AGCGUCUAUCGCCCGUGCGUUCUACACUAC,AGCGUCUAUCGCCCCUGCGUGCUACAUUAU
AACAUGAACUCUAUAGAUUAUCUUAUGUAA,AACAUGAAUUCCAUCGACUAUCUUAUGUAA
CGGUUAAAACCGAUGAUGAGGAUUGACAAG,CGGUUAAAACCAAUGAUGAGGAUAGACAAG
CGCUAUAUUCAUGGAAAUCGUAAGGCCUCC,CGGUAUAUUCAUGGAAACCGUAAGGCGAGC
UUCUAAGAUUGGCUACCGCUAGGCGAAUAG,UUUUGAGACUGGCUGCCAUUAGGCGAAUGA
CAAACUUGGGCCCGUACUCACAUCGUGUAC,CAGACGUGGGCCCGGACCCACAUCGUGUAC
CAAGACGAUACGGCUCCGAACUCUGCAGUU,CAGGAUGAUACGGCGCCAAAUUCUGCUGUU
UGGAUCUGGACCGAUGACUUCAUAAAGCUU,UGGAUCUGGACAGACGAUUUUAUUAAACUG
GUAUAAGUGCAACAGGGGAAUUAUUACGUG,GUAUAAGUCCAACAAGGGAAUUACUAUGUG
CGUAACGGCAAAUUUCAGGACCAUGCUUAC,CGUAAUGGCAAGUUUCAGGAUCAUGCGUAC
ACUGCUCAAAAUUCUUGGCCCUGUUAGAAU,ACCGCACAAAAUUCGUGGCCGUGUUAGAAU
CCAGAUCAAAAUCAUCACGUCAACUACCAU,CCAGACCAAAACCAUCACGUGAACUAUCAU
GGGAAUGCAUCGGUGAUGUGCAUCUAAUUC,GGUAACGCGUCGGUGAUGUGCAUCUAAUUC
AUGGCCCCCGUUGUCCAAUCCCCGCGUAUG,AUGGCUCCCGUGGUCCAAUCCCCGCGUAUG
CAUCUAGCGUGAGGUCAAUGCCAAGCGGUU,CAUCUUGCGUAGGGGCAAUGCCAGGCUGUU
GCUACAAAUCUGGCUAAUAUGCUUACAUAU,GCAACGAACCUGGCGAAUAUGUUGACUUAU
CUUUUAUGUCCGAACCAGCAUUGCAUCAGA,CUUUUAUGUCCCAAUCAGCACUGUAUACGG
UUCUUGUGGUAGAAUCAUGAGGGGAUAAUC,UUCCUUUGGUGAAACCAUGAAGGGAUAAUC
CAAUAGCAUAUCCCGACGUUUACGUAGCAC,CAGUAGCAUAUACCGACGUUUACAUGACAC
GAUACACGCACCGGCUAUGGAAGCGCAUGA,GAUACACGCACCGGUUAUGGAAGCGCGUAG
CCGCUGAUGGUCAGACAACUAGACACCAAA,CCGCUCAUGGUCAGACAGCUAGACACAAAA
UCGUCCACCAAAUGGCAAGAUGUCUGGUGG,AGCUCCACCAAAUGGCAAGACGUAUGGUGG
UAGAUGGGCUGGUACCUAGAGUGUGGAGCA,UAGAUGGGCUGGUACCUUGAGUGCGGUGCC
ACGAAUAAGGUCCUUCAGGACGGCCAGGAU,ACGAAUAAGGUUCUUCAGGACGGUCAAGAC
UUUUCAUGGGAGUACAUGAAACACGGGAAG,UUUAGUUGGGAAUACAUGAAACAUGGUAAA
AAAACAGUUUUCAAGCGAAUCCAGCAGGCA,AAGACAGUUUUCAAGAGAAUCCAACAGGCA
UGGCAUUUCUAAACUCCAUGAACGGUGAAG,UGGCACUUCUAAACACCUUGAACAGUAAAG
CUACCAUAUGACAAUUAGCCCGAAAUGGAC,CUACCUUACGAUAACUGACCCGAGAUGGAC
CUGUCUAGCUGUUUCCGCGGUAAUGAAAUC,CUGUCAAGCUGUUUCCGGGGUAACGAGAUU
GCUAAGUAAGUUUUGACCCGGACAAUCUGG,GCCAAAUAAGUACUAACGCGUACAAUCUGG
AAGCCCAUCUAUAACACAUCUUCGUACAGU,AAGCCAAUAUAUAAUACUAGUUCUUAUAGU
UUUCUUUGGUACCGUGUUCCCGACGAUGCU,UUUCUUUGGUACCGCGUACCGGAUGAUGCC
UUACUAUGCUCUAUACAUUACUAGGGUCAG,UUACUAUGCUCUAUACACUAUUGAGGACAA
UAAAAAGGUCGAUAAGGUUGGGGAGCACAG,UAAAAGGGUCGAUAGGGGUGGGGGGCACAG
UGGAUAGACGCUAUGGUUUAUGUCUUUUGG,UGGAUAGAUGCCAUGGUAUACGUCUUCUGG
UGGUCCGGUCAUAGCACGGAUGAGGACAAU,UGGUCCGGUCAUUCGACGGAUGAAGAUAAU
CGCAAGCGGACAGUUUGGUGAUACACAUAA,AGGAAGAGGACAGUUUGGUGAUAUACUUGA
GCGUCUUUUGCGCAUAUCUAGGCCUUCGUA,GCUUCUUUUGCCCACAUCUAGGCCUUUGUG
UACGGAGGAAACAAAUUUUUCUGGAACUGA,UAUGGAGGAAACAAAUUUUUUUGGAACUGA
UUUGCAUGGAGCUCUUAUAUGGAUCACUGU,UUUGCCUGGAGUUCGUAUAUGGACCAUUGU
GCGGUUAUCUUUUGGGUAGUUGAUGCCGGG,GCGGUUAUCUUUUGGGUGGUUGAUGCUGGC
UGAUGAUGGGUUAAGCUCGUCAUCUGGGUU,UAAUGAUGGGUGAAGCUCGUUAUCUGGGUU
UUUGCUCACCAAGGCGAGUGUGACAAUCAU,UUUGCGCAUCAGGGAGAGUGUGACAACCAC
UCAGAGCAUUACGUACGUCGGAGAAAGCCU,UCCGAGCAUUAUGUUCGUCGGCGCAAACCA
GGCGAGUUUAUCUUAGACUGGUGUGCAGCC,GGUGAAUUCAUUCUGGAUUGGUGUGCUGCC
UAUUUCUACAACAAAUUUGCGACCCUGGAC,UACUUCUAUAAUAAAUUCGCGACCCUGGAC
ACUAAUUUGAACUGCUCCUAUUGGUGUAAC,ACUAAUUUGAAUUGUAGUUACUGGUGCAAC
GCCAUAAAAUAUCCAGUAGCGGUCAUGUGG,GCUAUUAAGUACCCCGUCGCGGUGAUGUGG
AUCUUUCAGAUGUGGGAUCGGGCUGUCCGC,AUUUUUCAAAUGUGGGACCGAGCCGUCCGG
AUGAAUCAUUGUUGGCAUAUGAGCUAUCCA,AUGAACCAUUGUUGGCAUAUGUCCUACCCA
CAUGACUUCAUGAUUUGGAUGCUGGAGAUG,CACGACUUUAUGAUUUGGAUGCUGGAGAUG
UAAUGGAAGGUGGAUAUGGACUGGCAAAUG,UGAUGGAAGGUGGAUAUGGAUUGGCAAAUG
AAGCAGUUUAAUGCCUGGCUUGACGUAAAG,AAGCAAUUCAACGCCUGGCUUGAUGUCAAG
GUACCGGAAUGCCUGGUAUUUACUUGAUAA,GUGCCCGAAUGCCUGGUAUUCACCUGAUAA
UGUACAUGGUAAGCUAACGUUCAGUGUGCA,UGUACAUGGUGAGCUAACGUUCAGUGUGCA
UAGGGAUCGUUCGAGAGCGGCGGCUCCGAC,UAGGGUUCUUUCGAAAGCGGAGGUUCCGAU
CAAGACGCUGAAAUACCAGGCGGACUCCAC,CAAGAUGCUGAGAUACCGGGAGGACUCCAC
CAGGAGUGGGGGUCCACACACUUUCACUUC,CAAGAAUGGGGGUCUACUCACUUCCAUUUU
CCCCUUGAGGUGUGCGCCUUCCAUAAAGUU,CCCCUUGAGGUCUGCGCGUUUCACAAGGUU
UUCUUAAACUAUGUUUGGCUGGAGUCCUAA,UUCUUAAACUACGUUUGGCUGGAGAGUUAA
GGAUGACCGAAAUGGAAUGGGACCUUGCCC,GGUUAACCGAAGUGGAAUGGAACAUUGCCC
GGUAACUUCAUGGAUCAGCCACACAGGCAA,GGUAACUUCAUGGAUCAACCACAUAGGCAG
GGUAUGGAAACAGGUGAUUAUCGUGAACGG,GGAAUGGAAACCGGUGACUAUCGGGAACGG
AUUCCGUGCGAGAUAGCCUAUAAAAUGUUG,AUUCCCUGUGAAAUAGCGUACAAGAUGCUG
GCCAAUAAAUGGCCUAUCCCGAUUUCAUCC,GCCAACAAGUGGCCGAUCCCAAUUAGCUCU
AUGCAGGGAGUCUGGCCCUAACAAUAGGGC,AUGCAGGGAGUCUGGCCAUAACAAUGAGGU
GUAACCCACCCUAACUUCGAUUAUUUUUGG,GUUACUCAUCCGAACUUCGACUAUUUCUGG
GUAAUCCAUUAGGACAAUAUUGAUAAGGGU,GUAAUACAUUAGGAUAAUAUAGACAAAGGU
GACAGUGGAUUCCCGUUCCGGAACGGCACU,GAUAGUGGAUUCCCAUUCAGAAACGGAACA
AAUAUAGCGGUGUUGGGGGAUGUCUGCUAU,AACAUAGCGGUGCUUGGGGACGUGUGUUAU
GAUACUUAUUUCUAGACAGUAUAUCCAAAG,GAUACUUAUUUUUAAACAGUAUAUCCAAAG
UACUUCAUGAUCCCAUGGUGGCAUACUCGC,UAUUUCAUGAUUCCCUGGUGGCACACCAGG
UUUUGUGACCAAUCUCGUAAUGCUGGCCCA,UUUUGUGACCAAUCUCGUAAUGCUGGCCCC
UGCCAAGAUUUUGAAAGAGGAUGGUGCGUG,UGCCAGGAUUUUGAGAGAGGGUGGUGUGUU
AUGAGUAUCAAGAAGGAGAUUCCCCUAAGG,AUGAGUAUCAAAAAAGAAAUUCCCCUCAGG
CAACAAGCAAGAUCCGACCAAGACUCUUGG,CAGCAGGCGAGAAGCGAUCAGGAUAGCUGG
AUGGCUUGACACAUGUUAACCAUCGCUGUG,AUGGCAUGACAUAUGUUAACGAUCGCUGUG
GGGAACACGUAUAACUACUAAGAUAAGCUA,GGUAAUACAUAUAACUAUUGAGACAAGCUU
GCCGGUUGACUUUGCUAUACCAUGGGUGAG,GCGGGAUGACUCUGCUACACCAUGGGGGAG
UCGGACUAAUAGGACAACUGCUUCCCUUCA,UCCGACUAGUAGGAUAAUUGUUUUCCCAGU
GCAGAAACACCCAAAGGGUUUCCCUGCAUC,GCCGAAACACCAAAGGGUUUUCCAUGUAUC
GACUUAAAUAGGCUGAAGAUUAAAUGAACG,GACCUAAAUAGGCUGAAGAUCAAAUAAACC
ACGGAUCGCUGGCUACAAGAAAUCGACAUA,ACAGACAGAUGGCUACAAGAAAUUGAUAUA
UAUGAGCAUGAAAUCGCGAGCAUUCACCAU,UACGAGCAUGAGAUUGCAUCCAUCCACCAC
CCAUCUUGAUUCGGCAUGUCCCAUUUUAAU,CCCAGUUGAUUCGGGAUGUCGCAUUUUAAU
AUUUUCCCGCUAGGCAUCACCCAACACCAG,AUAUUCCCCCUCGGAAUUACGCAGCACCAA
GACGAAGAAAUGCGGAUUUAUUAAUGCUCU,GAUGAAGAGAUGCGCAUAUAUUAGUGUUCU
CAUGAGUGUGAGAUGGAAGUUUUUGUCCAU,CACGAAUGCGAAAUGGAGGUAUUUGUGCAU
UACGGCGCGGGGGACUGUCCCCAUGACGGG,UAUGGCGCGGGGGACUGCCCUCAUGACGGA
UCCCACGCGCUUACCAAGACGUUUAUCUAA,UCGCAUGCACUCACCAAAACGUUCAUAUAA
UGUCAUUCUGGUAAUGACGUAUAUUGGCUC,UGUCACUCUGGGAACGACGUAUAUUGGCUG
GCGUUCGAUUGGCUCAAUCCUGGGUUAGGC,GCGUUCGACUGGCUCAAUCCUGGAUUGGGG
GAUAUGAAAUGAGCCGAACGCUGGCACGAA,GACAUGAAGUGAGCAGAGCGCUGGCACGAG
CGACUGAGGGAACAGAUGCGACCGAGGACA,CGGCUACGUGAGCAGAUGCGACCGAGAACU
CAAAUCUGGUAUGCAACAUUCGGCGAAAAU,CAGAUAUGGUAUGCAACUUUCGGUGAGAAU
UUAUGGUAACGGUACAUAAUGGCACCGGCA,UUAUGGUAACGAUAUAUUAUGGCUCCCGCA
CAAGACUCUAAACUACGAGGAUGACUGUGG,CAGGACUCCAAACUUCGCGGCUGACUAUGG
GCUUCUAUGGUACAGAAUUGGGCCAUAAUG,GCAUCUAUGGUACAAAACUGGGCCAUAAUG
GUGAGAUGGAAUUGGACUUGCUCUUGUCCC,GUGAGGUGGAAUUGGACUUGCUCUUGCCCC
GAUAAGAAUCAACAAGACUAGUUGGCAGAC,GACAAAAAUCAACAGGAUUAGUUGGCGGAC
AACGAACAGUUCAUUAUAUUUGUCAAGACA,AACGAGCAGUUCAUUAUAUUUGUUAAGACA
AUGGGUUGGUAGCGGUAUAUAGAAUAGCAU,AUGGGCUGGUGACGGUACAUAGAAUAACAC
UUCUAUUAGCAUAUGGAUAUCUGCUAUCUU,UUUUACUGACACAUGGACAUCUGCUAUCUU
CAUCUCAUUGAUGGAAGGGCCGGUACGAUG,CAUCUCAUUGAUGGAAGAGCCGGUACGAUG
UCAGUGUAUCUUACAUGGUUCGGAACGGCA,AGCGUAUAUCUCACGUGGUUCGGAACGGCA
AUGUGCUAGAACUAGAGCGCCGGUCUAAUU,AUGUGUUAGAACUAGAGCGCCGGAUUGAUU
GGUCCAAUCCACAUUCGCGGGUGAGGCAUA,GGACCGAUACAUAUUAGGGGCUGAGGCAUU
ACGUUCCCAACGGCGUUGUACUCAAACGAG,ACUUUUCCCACGGCGUUGUAUUCAAACGAA
UGCACCACCAAUACUGGCUGCAUCAUGUGC,UGCACUACGAACACUGGCUGCAUCAUGUGU
AGUGGGUUUCAAGCACUAAAUGAACCGUUA,AGUGGGUUUCAAGCACUAAAUGAGCCGUUG
GAGGACUAUAAGAUGGACCCCAUGGAUAUG,GAAGAUUAUAAAAUGGACCCGAUGGACAUG
ACAAGCCAGGGGAGUCGAACCAAGCCGCCA,ACAUCUCAAGGUUCGCGAACAAAGCCUCCU
GGAUUAACUUAGUUGUGUAACUAUAUGCGA,GGUUUAACUUAGUUGUGCAACUACAUGCGU
ACAUAGAAGAUGGACCUUUUAAAAAGCAUC,ACAUAGAAGAUGGAUCUUCUUAAAUCCAUC
UAAUACACCAUCCCGGCUAAUGCCCGGAUG,UAAUAUACCAUCCCCGCUAAUGCACGGAUG
CAAUCUGAUCUACUUGACAUACUUCCUGUU,CAAAGUGACUUACUAGACAUACUUCCAGUA
GACUUUUUAUACUAUUUUGGAGCUUUCGAA,GAUUUCUUAUACUAUUUCGGAGCUUUCGAA
AAUGAACUGUGAAACUAUCGAGCCGGCAUG,AACGAACUAUAGAACUAUCGAGCGGGCAUG
ACAGUGUUUAAUUGUCCAAACAAAAUGUCA,ACUGUUUUUAACUGCCCAAACAAGAUGUCA
UGCAUGCGCCAGUGGGGGGGGUGAUAGGCU,UGCAUGCGCCAGUGGGGGGGCUAAUAGGCC
GCCGCAAGAGUGAUUGACGGAUUAACUCAA,GCCGCUCGGGUGAUCGACGGAUUAACCCAA
CAAGUAGGAAAAAUCGGACAAUGGCACCAU,CAGGUAGGCAAGAUCGGACAGUGGCACCAU
CCCCUACAGAAAAUAUGUCUUUCCGAAGAA,CCCCUACAGAAAAUAUGCCUUUCCGAGGAG
CUAAAGCAGUCCAUGUAAUAAUGCUAUUUU,CUAAAGCAGUCUAUGUAAUAAUGCUAUUUC
CCAACGAAUCCCGGUUGGCAUUGUUUUGAG,CCUACUAAUCCGGGUUGGCACUGCUUUGAG
UGCAUGGAUCUCAGGUCGGUGUGAUGCAGG,UGCAUGGACCUCAGGUCCGUGUGAUGCAGG
UCUAAGUAUUUCGACCAAUGUGGAGAACAG,UCGAAGUACUUCGACCAAUGCGGAGAACAA
GUCCCAAACUGCGUGUGGAUGGACCCCGAU,GUCCCAAAUUGUGUGUGGAUGGACCCUGAU
AUGAUGUACUGUUGAAAUUCAGUUGGGAUG,AUGAUGUAUUGCUAGAACUCAGUUGGGAUG
AAGUUUUGUUGGAAUCAUUCCAUUUGUAAA,AAAUUCUGCUGGAACCAUUCCAUCUGCAAA
UUCCUCAAUCCGGGUGAAUGGUAUUAUUGG,UUCCUCAACCCAGGUGAAUGGUACUAUUGG
ACGUGGGUCUUUUUCGGUUCAAUGACCAAC,ACGUGGGUCUUUUUCGGGUCAAUGACAAAC
UGUCAAGUUAAUUGCUGGUGAUAUCACGCG,UGCCAGGUUAACUGUUGGUGAUAUCACGCA
AAACCCCAUGAUGGAAACUACUGUCACCAG,AAACCCCACGAUGGCAACUACUGCCAUCAA
UGUUGGUAUCAGAAGGACUGGUUCACAUGA,UGCUGGUAUCAGAAAGAUUGGUUCACAUAG
UGUGAAGGGAUGCAUGACUCUUUUCCUGGA,UGCGAGGGGAUGCAUGAUUCCUUUCCUGGA
GUGCAUAUGAUUCUAAAAUAUAUCGAGAAU,GUCCACAUGAUUUUAAAGUAUAUAGAGAAC
GAUCAGUGGUAUCUCGAAGAGACAGGGACA,GACCAAUGGUAUUUAGAAGAAACAGGAACU
ACCUGGGCAGGUCAUUGGCCUAUGAGGGGC,ACCUGGGCCGGGCACUGGCCAAUGAGGGGG
AUAAAGAAGUACACAUGAUGAAACUGCAUC,AUCAAGAAAUAUACCUAAUGAAAUUGCAUA
UUCGUUUACAAUGACGACCACCCUGGGGUU,UUCGUUUAUAACGACGAUCACCCCGGCGUU
UGAAGGCGCUCCAAACAAACAGUGAAGAUU,UAGCGUCGGAGUAAACAGACGGUGAAAAUA
AAGAUGAUCCUUGGGUUGGUUGUCUGGUUC,AAGAUGAUCCUUGGGCUCGUUGUUUGGUUC
CAAAAUGUCCCGCACUGCGAAAUGUGACAC,CAAAAUGUACCACAUUGUGAAAUGUGACAC
CAAAUCGCAUGGUUCUACUGUUGACUCGAG,CAGAUCGCAUGGUUCUACUGCUGACUCGAG
CAAAAGAGCGCUGAAAUGUUUAACGAUGGG,CAAAAGAGCGCUGAGAUGUUUAAUGAUGGC
CAUAUUGUACCGCAACCCGCUAAUCACGAU,CAUAUCGUCCCGCAGCCCGCUAAUCACGAC
GACCUCCUUCAAGUUUGGUACGCACAGGGA,GACCUCCUUCAGGUAUGGUACGCGCAAGGG
UCAAAGCUGCUAGUUCAUGAAGGUUUCGGU,UCUAAGCUGCUAGUGCACGAGGGAUUUGGU
AAUCCAGCAAUACGCGACUUCAUGGGUAUA,AAUCCGGCCAUACGAGAUUUCAUGGGAAUC
GAAUAAUAGAUUAAAGACCACGUUACAAUU,GAAUGAUAGAUUAAGGAUCAUGUCACCAUC
UCUGCACUCCAACUCGUUUGUUGGUAGAAG,UCAGCAUUGCAGCUCGUUUGUUGGUAAAAG
AACAACGUCGGAUGGUGGAUUUAAAGUAGG,AACAACGUUGGCUGGUGGAUAUAGUCAAGA
CGGAUGUGAGGGCGUAUGUUUACAGAUCUC,CGAAUGUGAGGGCGUAUGUUCACGGAUCUU
UUUACUUAAUGCUACGGCCACAAAGCGUUC,UUCACGUAAUGCUAUGGCCACAAAGCGUUC
AUCUUCUACAAUGGGGUGCAACACAUAUCG,AUCUUUUACAAUGGGGUGCAGCAUAUAUCG
AUCUCUGAGCAGCACCGGCGGUCCCAUUUC,AUCUCUGAGCAGCAUAGGCGGUCCCACUUU
AUGGCAAACGAGUUCCGUCAUUUUUUAGAU,AUGGCUAAUGAAUUCCGGCAUUUUCUCGAC
AAACUUUAUCAGCCGGGUAAUUUUCUCGAC,AAACUUUAUCAACCAGGUAACUUCCUCGAC
GGUACUCAGAAUUAUAAGAUUAGGUCUGAG,GGUACCCAAAACUAUAAGAUCAGGUCUGAA
CAUGAAUAGUUGCACUGUAACUUGAAGGGG,CAUGAGUAACUACACUGCAAUCUUAAGGGG
UGUGUCGCCAUGUGCAUCAGGGAUUUCCCU,UGUGUCGCCAUGUGUAUCAGGGACUUCCCU
GAAUGGGUAGUCUGAUAUAAGCCUAUUAUG,GAGUGGGUCGUUUAAUAUAAGCCCAUAAUG
UUCCAAUGCGUACUUUAUUAUGGAAUGGAU,UUUCAGUGUGUAUUGUACUACGGAAUGGAC
CAGGACCGUCCCUUUCGAUCUCAGCUAAAC,CAAGACAGACCAUUUCGAUCACAACUAAAC
AAUUAACGAUUUUGUCAUACCGGUUGGGGG,AAUUAACGAUUUUGCCAUACUGGUUGGGGA
GGUCACAUCUUUAUAUGAUCCUAUAUGGUU,GGGCACAUCUUCAUAUGAUCCUACAUGGUG
UGGUGAACCAUACUGACUCAGCGUCAAGAG,UGGUAGACUAUUCUGACGCAGCGUCAAGAA
UAACAUAAAGAGCAAACUUGUCACUUUGAC,UAACAUAAGGAACAGACCUGCCAUUUUGAC
UUUUUCAGACUGAGAUUUAUAUGGAUCGAA,UUCUUUAGAUUGAGAUUCAUUUGGAUUGAG
UGCCAGUCUAUGUGAACUAAGGGCCGAAAU,UGUCAAUCUAUGUGAACUAAAGGCCGAAAU
CCAUGUCUAAAUUCUCCCGCAUGGGCACCC,CCUUGCUUGAACUCUCCCGCAUGGGCUCCC
UGAGUCUUUACAGACCAAACAAAGAUGCAU,UAAGUCUUCACAGAUCAGACGAAAAUGCAC
CUGUCUGGGAACGACCUGUGUCCCAUUGGC,CUUAGCGGAAACGAUCUGUGCCCAAUUGGC
AGCGCAAUGAAUAAAAAGCGGGUGCAUAGU,UCUGCAAUGAAUAAAAAAAGAGUCCACAGU
AAUUGUGAGGAACUGAGUAAUGUCGAAGAG,AAUUGCGAGGAACUGAGUAAUGUCGAAGAG
CCAUAAUAAGGGUUUAUAAUGAAAAUGGAC,CCAUGAUAAGGGUUCAUUAUGAAGAUGGAC
AUCGUGGAACGCGAUCAUUGGAUGAUGUUU,AUAGUGGAACGCGACCAUUGGAUGAUGUUC
GUCUCCCGUUAUUGGAUCAAAAUGAUGAUU,GUGUCAAGAUACUGGAUAAAGAUGAUGAUU
ACUUGCAAAACUAGGCAUUGGUGGCAAGAA,ACGUGCAAAACUCGGCAUUGGUGGCAAGAG
UCCAAAGACAUGGUUGAUUGAUAUGCGGAC,UCUAAAGAUAUGGUUGACUGAUAUGCAGAU
GAUGCCCUGGUCAACGACUGUUCGCAAUUC,GACGCCCUGGUCAAUGAUUGUUCUCAGUUU
ACCGGCAAGCUAGAGUAGUAGCAGUUCCCG,ACUGGUAAACUGGAAUAGUAACAAUUUCCC
ACUGUAAAGUGGUGGAGUGGUGCUUUUAUA,ACAGUAAAGUGGUGGUCGGGCGCUUUCAUU
UGCUUCCAAAGAAUACCUCAGUGAAUAAAA,UGCUUUCAAAGAAUCCCUCAGUGAAUAAAG
ACAUACUGUGUCAUUCAGGGAAUACAGUGG,ACCUAUUGCGUCAUACAAGGAAUUCAGUGG
CAAGAUAAGUGCACGUCACGACCCAUGCUA,CAGGAUAAAUGUACGAGCCGGCCGAUGCUU
ACGAUCAUACUAGAUAGUAUAUAUCACGUU,ACGAUUAUAUUAGAUAGUAUCUAUCAUGUA
UGGAAUGAGAUGAGGCAUUAUGGCCUUUUU,UGGAAUGAAAUGAGGCACUACGGACUUUUU
AAUGGGUGAGAGGCUUAGUGGAUUCACGGG,AACGGGUGAGAAGCCUGAUGGAUUCAUGGC
UAACCAAUCAUGUAAACAUAUUGGCCAGCC,UGACCCAUUAUGUAAACAUAUUGGCCGGCC
AUGGACACUUUUAUUAACAAUCGCUACGAC,AUGGAUACCUUUAUAAAUAAUAGGUAUGAC
GACGUGUUAGUAAGACUAGAGGUAGAUUGG,GAUGUGUUAGUUAGACUAGAGGUAGAUUGG
UGUGUCCCAUCGGACUUGGUCGUACCGAAC,UGCGUCCCGUCCGAUUUGGUCGUACCGAAC
ACGGCCGUCCGUCAUCAUACGAUGAAAUGG,ACCGCGGUGAGGCAUCAUACUAUGAAGUGG
ACCUAAAGCUUCAUCCUCGUUAUGGAGGCC,ACCUGAAGCUUUAUCCUCGUAAUGGAAGCC
GAUAAACCAUCCUGUGCAGGGUGGACUAAA,GAUAAACCGUCUUGUGCUGGGUGGACUAAA
CGUUGGAUCUACGACAAGAUGUAUGAGGGU,CGUUGGAUCUACGACAAGAUGUACGAGGGU
AUGUCAGAGCGAGGAGACAUGGGGGGAUAU,AUGAGUGAGAGGGGAGAUAUGGGUGGGUAC
CCGGAGUACGACAGUUAUAAUAAGACCACA,CCGGAGUAUGAUAGUUACAACAAGACUACA
GAUAUGCACUGAGACUGGAUUCAGUGUAGA,GAUAUGCACUGAGAUUGGAUUCAGUGCAGA
UCCCAAAGUCACACGGACAAAAAAGUCCGA,AGUCAGAGUCACACGGACAAGAAGGUUAGG
CAAGUGCAUAAGAUGAACUACACACGGUUA,CAAGUGCACAAAAUGAACUAUACCCGUUUA
AUGAAUACCUAAUGGUAUAGAAGCUACCGG,AUGAAUACCUAGUGGUACAGAUCGUACCGG
AAAGAUUAGGACCAGAAAAUGACUUUAUUG,AAGGACUAAGAUCAAAAGAUGACGUUACUC
CUCCAGUAGCGAGGAAAGGGGUGUAUGCUG,CUCCAAUAGAGAGGAAAGGGCUGCAUGCUG
CCCCGCUUCUGCAACCAUCACCCUCAAAUG,CCCCGAUUCUGUAAUCACCAUCCUCAAAUG
CACUAACGAGAUGCUAAGACUUUGCACUAU,CAUUGACGGGAUGCUAAAACGUUGCACUAU
AUCAAGCCAAACGCGAAGGUCAUGUGAACA,AUAAAACCAAACGCAAAAGUAAUGUAGACU
CAAGAGAUGCCGUGGCGCAUGCUUGUCGUG,CAAGAAAUGCCUUGGCGCAUGCUUGUUGUG
CACUAUGGACUACAACAGGAAUACUUACAG,CACUACGGACUACAACAAGAAUACUUACAA
AUGGACAGGGUACAAGCUGUGCACAUUUGC,AUGGACCGCGUACAGGCUGUCCAUAUUUGC
UGAUGCAUAAGCGAGAACCCACGCCUAAUG,UAAUGUAUUAGCGAGAAUCCACGUCUAAUG
CGACAUAUGAUGUAUCAGUUCGCGAAGGGU,CGUCACAUGAUGUACCAGUUCGCAAAAGGG
AACAAAGUUCAACACGGUGAUUGCAACUGA,AAUAAGGUUCAACACGGUGAUUGUAAUUGA
AACUAAGAAUAGCGACACGAAGUUAAGUGA,AAUUAGGAAUAGCGACAUGAGGUUAAAUAA
AACAGUUUGGCGCACCGCAAGUAUUAUUAG,AACAGUUUGGCCCACCGAAAGUACUAUUAA
GAUAUUACUGAAUCCCCCAGUUUUAACUAU,GAUAUAACGGAAUCCCCCUCCUUCAACUAU
ACCGUAAUGUCCGAAGACUGUCAUGACCAA,ACCGUAAUGUCAGAAGACUGCCAUGAUCAG
CCUGUCAAUAAUUAAUGUAUUGAAUACGUC,CCUGUAAAUAAUUGAUGCAUUGAAUACGUC
CACUGCAACUGUGACAUUAUGGCUAUGCAG,CAUUGUAACUGUGAUAUUAUGGCGAUGCAG
GGAUUUAUGCUGGACCCACCCUGUGGCGAG,GGUUUCAUGCUUGAUCCACCAUGUGGGGAA
GAUCCAAAUAUGAAAGCGUGCAGAGGGUGU,GAUCCAAAUAUGAAAGCCUGCAGAGGUUGU
AAUAGAUAGAUGUGGUUUUAAGAGUAUUCC,AACAGAUAGAUGUGGUUUUGAGAAUAUUCU
AAGGUGUGAUUGCCUUAGACGCCUCGGAGC,AAGGUGUAACUUCCUUAGACACCUCGCAGC
CACGACCAAUGGACCUGUCAUGAUAAGCCC,CAUGACCAGUGGACUUGUCAUGACAAGCCC
UGCAUUGAUUAUAAUUUCGAUGGAACUGUG,UGUAUCGAUUACAAUUUUGACGGAACUGUG
AUGACACAUCCCCAUUGCAUGCCGUCUAGA,AUGACACACCCACAUUGCAUGCCGUCCAGA
UGGACAUCAUCGCCGGAACAUUAGUGUAUU,UGGACAUCUUCGCCCGAGCAUUAAUGCAUC
UAGACCUUUAUAUGAACAAUUGGAAUUGAG,UAAACCUUCAUAUGAACAAUUGGGAUCGAG
AAUAUAUGGUACAAAACAGCUGAUGAAUGU,AAUAUAUGGUACAAGACUGCUGAUGAGUGC
GCGCCGUAGCCCGUUGCGCGGAAGUGGGUC,GCCCCGUAGCCCGUGGCGCGAAAGUGGGUG
AAUUAGAACCCCUGGGAAAUAAUCCCUGGC,AAUUAGAACCCAUGGGAAAUAAUACCCGGU
AUGAAACCAUUAAUGAACGGCCAGGCUGAU,AUGAAGCCUCUAAUGAAUGGGCAAGCUGAU
UUAUUGUCCGCCUGAUUCCAUAAUUGGCAA,UUAUUGUCCGCGUAAUUCCAUAACUGGCAG
UACUUAUUCUGGUGGGAUGAGUAGUGUAUA,UACUUAUUUUGGUGGGAUGAGUAGUGCAUA
GUGACUGGAGAGUUAAUGUCACAUACUAUC,GUUACAGGAGAGCUCAUGUCACAUACCAUU
UAAUGGAGAAAUACUAUAGAUCAGAUGUGU,UAGUGGAGGAACACAAUAGACCAAAUGUGC
CGCAUACAAGCUGUGUUCUUUAUUUAUCCC,CGCAUUCAGGCUGUGUUCUUUAUCUAUCCA
CAAUUAUGGGAGGGUGAAAAACUGCCUUGC,CAGCUCUGGGAAGGAGAAAAGCUGCCUUGC
GAGAUGAACGCAGGGUUCGUUAUGCAUUUU,GAGAUGAACGCGGGAUUUGUGAUGCAUUUU
CGGGAGUCUUACUUCGGUUCGGCGGAGUUC,CGGGAAUCCUAUUUCGGAAGUGCGGAGUUC
AACUAGUGGCGUUGGAGCAUAUGAAAGGGA,AACUAAUGGAGAUGGAGCAUAUGAAAGGGU
GCAUGGGAUUUCGAUGAGCAUGGGCUUUAU,GCAUGGGACUUUGACGAACAUGGGCUCUAC
CACAUCUGUAACGAGCGUAUGAAAAAGGAC,CAUAUAUGCAACGAACGGAUGAAGAAAGAU
CGUCGCGAUUGGGGUAUAGGGCCUUUCAUA,AGACGCGAUUGGGGUAUCGGGCCUUUUAUA
UCUCCUGAGUGACAAAGUGGGCUAGGCCCA,UCCCCUGAAUAACAGAGUGGGUUGGGCCCA
CGCAUGUAGCAAUGCUUCAAUCCGGAAGAG,CGCAUGUGACAGUGUUUCAAUCCGGAAGAA
UCUUAGGAUACUAUGUCAAAUGAUCGAUGG,AGUUAGGAUACAAUGUCAAAUGACAGGUGG
GGGUACAAACAGGGGAUCAUUACAAAGUGG,GGUUAUAAGCAAGGGAUAAUUACAAAGUGG
ACCGCAAUGGAUACAUACAUGAGGAAAUUC,ACCGCUAUGGAUACAUACAUGCGAAAGUUU
AAUAACCGUGUAGAGCCUAUGCGAUGACAG,AAUAAUAGAGUAGAACCAAUGCGAUGACAA
UGAGAGUGUUAAUGCACCCGCUACGAGCAU,UAGGAGUGUUAAUGUACCAGAUAUGAGCAC
ACAUUCAUGCAAAUUUAAAGGAACCCGGUG,ACAUUUAUGCAGAUCUGAAGGAACCCAGUG
ACUGAUCGUAAACGGAAACAACACAUGACG,ACAGACCGCAAACGUAAACAACAUAUGACG
AGCGGGAUAAAGUAUCACAGAUAUGAUCCA,AGCGGUAUAAAAUAUCAUCGAUACGAUCCA
UGGCUAGAACAGAAGCCAGAGAGCAGUGAG,UGGCUAGAGCAAAAGCCAGAAAGCAGUGAA
AGUAUCGCCUGUUGUCACGAUUCAGGGAUU,UCCAUCGCUUGUUGUCACGAUAGCGGGAUU
CACUGAUGGUGAGGUGCCCGCUGGAUCAGU,CAUUGAUGGUAGGGUGCCCGCUGGAUAAGU
AUGACUGUAACAAGUAAUACGAACGAAGAC,AUGACUGUAACGUCCAAUACGAACGAAGAU
